College_Name,Location,Fees,College_URL
"Vydehi Group of Institution, Bangalore","Bangalore, Karnataka","₹ 80,000",https://collegedunia.com/college/64845-vydehi-group-of-institution-bangalore
"Assam down town University - [ADTU], Guwahati","Guwahati, Assam","₹ 3,80,000",https://collegedunia.com/university/25391-assam-down-town-university-adtu-guwahati
"Mangalore College of Nursing, Mangalore","Mangalore, Karnataka","₹ 2,80,000",https://collegedunia.com/college/64725-mangalore-college-of-nursing-mangalore
"NIMS University, Jaipur","Jaipur, Rajasthan","₹ 3,60,000",https://collegedunia.com/university/25833-nims-university-jaipur
"Exalt Group of Institutions, Patna","Patna, Bihar","₹ 2,50,000",https://collegedunia.com/college/62439-exalt-group-of-institutions-patna
"Malabar Cancer Centre, Thalasery","Thalasery, Kerala","₹ 2,50,000",https://collegedunia.com/college/64629-malabar-cancer-centre-thalasery
"ITM University, Gwalior","Gwalior, Madhya Pradesh","₹ 2,40,000",https://collegedunia.com/university/25668-itm-university-gwalior
"M.S. Ramaiah University of Applied Sciences - [MSRUAS], Bangalore","Bangalore, Karnataka","₹ 2,40,000",https://collegedunia.com/university/54840-ms-ramaiah-university-of-applied-sciences-msruas-bangalore
"Amrita Vishwa Vidyapeetham Kochi Campus, Kochi","Kochi, Kerala","₹ 2,74,110",https://collegedunia.com/university/25636-amrita-vishwa-vidyapeetham-kochi-campus-kochi
"GD Goenka University - [GDGU], Gurgaon","Gurgaon, Haryana","₹ 2,55,000",https://collegedunia.com/university/25526-gd-goenka-university-gdgu-gurgaon
"Yenepoya University, Mangalore","Mangalore, Karnataka","₹ 3,81,000",https://collegedunia.com/university/25634-yenepoya-university-mangalore
"Ebenezer Group of Institutions, Bangalore","Bangalore, Karnataka","₹ 3,25,000",https://collegedunia.com/college/60284-ebenezer-group-of-institutions-bangalore
"Kingston Imperial Institute of Medical Science - [KIIMS], Dehradun","Dehradun, Uttarakhand","₹ 2,25,000",https://collegedunia.com/college/62695-kingston-imperial-institute-of-medical-science-kiims-dehradun
"Rama Devi Nursing Institute, Bardhaman","Bardhaman, West Bengal","₹ 8,64,000",https://collegedunia.com/college/63893-rama-devi-nursing-institute-bardhaman
"Biyani Group of Colleges, Jaipur","Jaipur, Rajasthan","₹ 2,15,500",https://collegedunia.com/college/63726-biyani-group-of-colleges-jaipur
"Manipal Academy of Higher Education - [MAHE], Manipal","Manipal, Karnataka","₹ 8,47,000",https://collegedunia.com/university/25617-manipal-academy-of-higher-education-mahe-manipal
"Dev Bhoomi Uttarakhand University - [DBUU], Dehradun","Dehradun, Uttarakhand","₹ 80,000",https://collegedunia.com/university/63221-dev-bhoomi-uttarakhand-university-dbuu-dehradun
"Sharda University, Greater Noida","Greater Noida, Uttar Pradesh","₹ 2,00,000",https://collegedunia.com/university/25972-sharda-university-greater-noida
"Kailash Institute of Nursing and Paramedical Sciences, Greater Noida","Greater Noida, Uttar Pradesh","₹ 2,25,000",https://collegedunia.com/college/6885-kailash-institute-of-nursing-and-paramedical-sciences-greater-noida
"Sanskriti University - [SU], Mathura","Mathura, Uttar Pradesh","₹ 2,00,000",https://collegedunia.com/university/57227-sanskriti-university-su-mathura
"Shri Sai College of Nursing Paramedical - [SSCONP], Patna","Patna, Bihar","₹ 8,00,000",https://collegedunia.com/college/61113-shri-sai-college-of-nursing-paramedical-ssconp-patna
"Bhavya Shree Institute of Nursing - [BNRC], Patna","Patna, Bihar","₹ 8,00,000",https://collegedunia.com/college/62348-bhavya-shree-institute-of-nursing-bnrc-patna
"Edugree, Siliguri","Siliguri, West Bengal","₹ 8,00,000",https://collegedunia.com/college/63894-edugree-siliguri
"Sundaram Institute Of Nursing Training, Patna","Patna, Bihar","₹ 8,00,000",https://collegedunia.com/college/64529-sundaram-institute-of-nursing-training-patna
"Nitte University - [NITTE], Mangalore","Mangalore, Karnataka","₹ 2,00,050",https://collegedunia.com/university/25622-nitte-university-nitte-mangalore
"Aryans Group of Colleges, Chandigarh","Chandigarh, Chandigarh","₹ 2,05,000",https://collegedunia.com/college/56965-aryans-group-of-colleges-chandigarh
"KPC Medical College and Hospital - [KPCMC&H], Kolkata","Kolkata, West Bengal","₹ 1,95,000",https://collegedunia.com/college/10610-kpc-medical-college-and-hospital-kpcmcandh-kolkata
"Apollo College Of Nursing, Guwahati","Guwahati, Assam","₹ 1,90,000",https://collegedunia.com/college/64622-apollo-college-of-nursing-guwahati
"Gurudeo Paramedical College, Patna","Patna, Bihar","₹ 7,50,000",https://collegedunia.com/college/64384-gurudeo-paramedical-college-patna
"Gurudeo College of Nursing & Paramedical College, Vaishali","Vaishali, Bihar","₹ 7,50,000",https://collegedunia.com/college/64386-gurudeo-college-of-nursing-and-paramedical-college-vaishali
"Prime Group of Institutions -[PGI], Bangalore","Bangalore, Karnataka","₹ 7,50,000",https://collegedunia.com/college/65190-prime-group-of-institutions-pgi-bangalore
"IIMT University - [IIMTU], Meerut","Meerut, Uttar Pradesh","₹ 1,87,800",https://collegedunia.com/university/59031-iimt-university-iimtu-meerut
"Sanaka Educational Trust's Group of Institutions- [SETGOI], Durgapur","Durgapur, West Bengal","₹ 2,05,000",https://collegedunia.com/college/58423-sanaka-educational-trusts-group-of-institutions-setgoi-durgapur
"Graphic Era University - [GEU], Dehradun","Dehradun, Uttarakhand","₹ 1,81,600",https://collegedunia.com/university/25985-graphic-era-university-geu-dehradun
"Manipal College of Health Professions - [MCHP], Manipal","Manipal, Karnataka","₹ 2,52,000",https://collegedunia.com/college/10714-manipal-college-of-health-professions-mchp-manipal
"Malla Reddy University - Powered by Emversity, Hyderabad","Hyderabad, Telangana","₹ 1,80,000",https://collegedunia.com/college/64960-malla-reddy-university-powered-by-emversity-hyderabad
"Himalayan College of Nursing - [HCN], Dehradun","Dehradun, Uttarakhand","₹ 2,07,500",https://collegedunia.com/college/11650-himalayan-college-of-nursing-hcn-dehradun
"Ambedkar Institute of Higher Education - [AIHE], Patna","Patna, Bihar","₹ 2,31,575",https://collegedunia.com/college/63268-ambedkar-institute-of-higher-education-aihe-patna
"Mamta Institute of Education -[MIED], Siwan","Siwan, Bihar","₹ 2,31,575",https://collegedunia.com/college/64763-mamta-institute-of-education-mied-siwan
"BM Birla College of Nursing, Kolkata","Kolkata, West Bengal","₹ 1,75,000",https://collegedunia.com/college/11327-bm-birla-college-of-nursing-kolkata
"AHS Nursing College & Hospital, Samastipur","Samastipur, Bihar","₹ 7,00,000",https://collegedunia.com/college/64736-ahs-nursing-college-and-hospital-samastipur
"Krishna Vishwa Vidyapeeth, Karad","Karad, Maharashtra","₹ 57,000",https://collegedunia.com/university/25708-krishna-vishwa-vidyapeeth-karad
"Hi-Tech College of Nursing - [HCN], Bhubaneswar","Bhubaneswar, Odisha","₹ 1,70,000",https://collegedunia.com/college/63194-hitech-college-of-nursing-hcn-bhubaneswar
"Vivekanand Paramedical & Nursing College, Gaya","Gaya, Bihar","₹ 1,68,000",https://collegedunia.com/college/65062-vivekanand-paramedical-and-nursing-college-gaya
"Magadh Paramedical & Nursing Institute, Gaya","Gaya, Bihar","₹ 1,68,000",https://collegedunia.com/college/65063-magadh-paramedical-and-nursing-institute-gaya
"Martin Luther Christian University - [MLCU], Shillong","Shillong, Meghalaya","₹ 1,64,460",https://collegedunia.com/university/59853-martin-luther-christian-university-mlcu-shillong
"Javitri Institute of Medical Sciences, Lucknow","Lucknow, Uttar Pradesh","₹ 1,65,000",https://collegedunia.com/college/64286-javitri-institute-of-medical-sciences-lucknow
"Pratiksha School of Nursing - [PSN], Guwahati","Guwahati, Assam","₹ 1,63,250",https://collegedunia.com/college/64759-pratiksha-school-of-nursing-psn-guwahati
"PES University - [PESU], Bangalore","Bangalore, Karnataka","₹ 1,71,200",https://collegedunia.com/university/28294-pes-university-pesu-bangalore
"Mona School of Nursing and Paramedical college, Patna","Patna, Bihar","₹ 6,50,000",https://collegedunia.com/college/62301-mona-school-of-nursing-and-paramedical-college-patna
"Varma College of Nursing and Paramedical Science, Patna","Patna, Bihar","₹ 6,50,000",https://collegedunia.com/college/62302-varma-college-of-nursing-and-paramedical-science-patna
"M.R. Institute of Nursing, North 24 Parganas","North 24 Parganas, West Bengal","₹ 2,90,000",https://collegedunia.com/college/64321-mr-institute-of-nursing-north-24-parganas
"Ravel Institute Of Nursing - [RIN], Kolkata","Kolkata, West Bengal","₹ 2,37,500",https://collegedunia.com/college/64765-ravel-institute-of-nursing-rin-kolkata
"Galgotias University - [GU], Greater Noida","Greater Noida, Uttar Pradesh","₹ 1,60,000",https://collegedunia.com/university/25940-galgotias-university-gu-greater-noida
"Amity University, Noida","Noida, Uttar Pradesh","₹ 1,60,000",https://collegedunia.com/university/54797-amity-university-noida
"Kasturba Gandhi Nursing College - [KGNC], Pondicherry","Pondicherry, Puducherry","₹ 1,60,000",https://collegedunia.com/college/59741-kasturba-gandhi-nursing-college-kgnc-pondicherry
"Yenepoya (Deemed-to-be University) Bangalore - Powered by Emversity, Bangalore","Bangalore, Karnataka","₹ 6,36,000",https://collegedunia.com/university/64991-yenepoya-deemedtobe-university-bangalore-powered-by-emversity-bangalore
"ECR College of Nursing, Udupi","Udupi, Karnataka","₹ 1,80,000",https://collegedunia.com/college/64867-ecr-college-of-nursing-udupi
"Symbiosis International University - [SIU], Pune","Pune, Maharashtra","₹ 2,23,000",https://collegedunia.com/university/25727-symbiosis-international-university-siu-pune
"Charotar University of Science and Technology - [CHARUSAT], Anand","Anand, Gujarat","₹ 1,56,000",https://collegedunia.com/university/25482-charotar-university-of-science-and-technology-charusat-anand
"Usha Martin University - [UMU], Ranchi","Ranchi, Jharkhand","₹ 1,71,000",https://collegedunia.com/university/59359-usha-martin-university-umu-ranchi
"Symbiosis Institute of Health Sciences - [SIHS], Pune","Pune, Maharashtra","₹ 2,20,000",https://collegedunia.com/college/11096-symbiosis-institute-of-health-sciences-sihs-pune
"Hamdard Institute of Medical Sciences and Research - [HIMSR], New Delhi","New Delhi, Delhi NCR","₹ 2,11,500",https://collegedunia.com/college/10509-hamdard-institute-of-medical-sciences-and-research-himsr-new-delhi
"Arya Nursing College, Guwahati","Guwahati, Assam","₹ 1,52,000",https://collegedunia.com/college/62434-arya-nursing-college-guwahati
"National Institute of Management and Technology - [NIMT], Greater Noida","Greater Noida, Uttar Pradesh","₹ 1,45,180",https://collegedunia.com/college/60231-national-institute-of-management-and-technology-nimt-greater-noida
"Graphic Era Hill University Bhimtal Campus - [GEHU], Bhimtal","Bhimtal, Uttarakhand","₹ 1,55,000",https://collegedunia.com/university/57212-graphic-era-hill-university-bhimtal-campus-gehu-bhimtal
"PDM University, Bahadurgarh, Bahadurgarh","Bahadurgarh, Haryana","₹ 1,54,200",https://collegedunia.com/university/58545-pdm-university-bahadurgarh-bahadurgarh
"Sharda University, School of Nursing Sciences and Research - [SNSR], Greater Noida","Greater Noida, Uttar Pradesh","₹ 1,50,380",https://collegedunia.com/college/58971-sharda-university-school-of-nursing-sciences-and-research-snsr-greater-noida
"Vydehi Institute of Medical Sciences and Research Centre - [VIMS], Bangalore","Bangalore, Karnataka","₹ 2,00,000",https://collegedunia.com/college/11178-vydehi-institute-of-medical-sciences-and-research-centre-vims-bangalore
"College of Nursing, Ludhiana","Ludhiana, Punjab","₹ 1,50,000",https://collegedunia.com/college/11464-college-of-nursing-ludhiana
"Arka Jain University, Jamshedpur","Jamshedpur, Jharkhand","₹ 1,50,000",https://collegedunia.com/university/15904-arka-jain-university-jamshedpur
"Gopal Narayan Singh University - [GNSU], Sasaram","Sasaram, Bihar","₹ 1,50,000",https://collegedunia.com/university/59917-gopal-narayan-singh-university-gnsu-sasaram
"Anna Optometry College  [Anna College], Madurai","Madurai, Tamil Nadu","₹ 1,50,000",https://collegedunia.com/college/62343-anna-optometry-college-anna-college-madurai
"Anna Science and Management College - [Anna College], Virudhunagar","Virudhunagar, Tamil Nadu","₹ 1,50,000",https://collegedunia.com/college/63990-anna-science-and-management-college-anna-college-virudhunagar
"Sebabrata Institute of Nursing, Howrah","Howrah, West Bengal","₹ 1,50,000",https://collegedunia.com/college/64358-sebabrata-institute-of-nursing-howrah
"Arka Jain University - Powered by Emversity, Jamshedpur","Jamshedpur, Jharkhand","₹ 1,50,000",https://collegedunia.com/college/64959-arka-jain-university-powered-by-emversity-jamshedpur
"Ideal Institute of Nursing, Nadia","Nadia, West Bengal","₹ 1,65,750",https://collegedunia.com/college/64971-ideal-institute-of-nursing-nadia
"Aaliyah Group Of Institutions - [AGI], Mangalore","Mangalore, Karnataka","₹ 1,50,000",https://collegedunia.com/college/65108-aaliyah-group-of-institutions-agi-mangalore
"Moodlakatte College of Nursing, Kundapura","Kundapura, Karnataka","₹ 1,50,000",https://collegedunia.com/college/65235-moodlakatte-college-of-nursing-kundapura
"Teerthanker Mahaveer University - [TMU], Moradabad","Moradabad, Uttar Pradesh","₹ 1,49,400",https://collegedunia.com/university/25977-teerthanker-mahaveer-university-tmu-moradabad
"Haridwar University, Roorkee","Roorkee, Uttarakhand","₹ 1,53,000",https://collegedunia.com/university/55109-haridwar-university-roorkee
"Manikaka Topawala Institute of Nursing - [MTIN], Anand","Anand, Gujarat","₹ 1,48,000",https://collegedunia.com/college/11441-manikaka-topawala-institute-of-nursing-mtin-anand
"Sister Florence College of Nursing, Kolkata","Kolkata, West Bengal","₹ 1,70,000",https://collegedunia.com/college/62436-sister-florence-college-of-nursing-kolkata
"Amity University, Gurgaon","Gurgaon, Haryana","₹ 1,46,000",https://collegedunia.com/university/25516-amity-university-gurgaon
"Santosh Institute of Allied Health Sciences, Ghaziabad","Ghaziabad, Uttar Pradesh","₹ 1,45,925",https://collegedunia.com/college/61105-santosh-institute-of-allied-health-sciences-ghaziabad
"Santosh University, Ghaziabad","Ghaziabad, Uttar Pradesh","₹ 5,82,900",https://collegedunia.com/university/25970-santosh-university-ghaziabad
"Dr DY Patil Vidyapeeth - [DPU], Pune","Pune, Maharashtra","₹ 1,45,000",https://collegedunia.com/university/25698-dr-dy-patil-vidyapeeth-dpu-pune
"DRIEMS University, Cuttack","Cuttack, Odisha","₹ 1,45,000",https://collegedunia.com/university/28119-driems-university-cuttack
"IQ City Medical College, Durgapur","Durgapur, West Bengal","₹ 3,25,000",https://collegedunia.com/college/60635-iq-city-medical-college-durgapur
"The Neotia University - [TNU], Kolkata","Kolkata, West Bengal","₹ 1,65,000",https://collegedunia.com/university/57421-the-neotia-university-tnu-kolkata
"United University, Allahabad","Allahabad, Uttar Pradesh","₹ 1,40,000",https://collegedunia.com/university/60765-united-university-allahabad
"Dayananda Sagar University - [DSU], Bangalore","Bangalore, Karnataka","₹ 1,42,000",https://collegedunia.com/university/57903-dayananda-sagar-university-dsu-bangalore
"Sikkim Manipal University - [SMU], East Sikkim","East Sikkim, Sikkim","₹ 1,46,000",https://collegedunia.com/university/25857-sikkim-manipal-university-smu-east-sikkim
"Chandigarh University - [CU], Chandigarh","Chandigarh, Chandigarh","₹ 1,41,000",https://collegedunia.com/university/25777-chandigarh-university-cu-chandigarh
"Swami Vivekanand Subharti University - [SVSU], Meerut","Meerut, Uttar Pradesh","₹ 66,500",https://collegedunia.com/university/25976-swami-vivekanand-subharti-university-svsu-meerut
"Goutham College, Bangalore","Bangalore, Karnataka","₹ 1,40,000",https://collegedunia.com/college/1431-goutham-college-bangalore
"Samaritan College of Nursing Pazhanganad, Ernakulam","Ernakulam, Kerala","₹ 1,40,000",https://collegedunia.com/college/12291-samaritan-college-of-nursing-pazhanganad-ernakulam
"Durgapur Society of Management Science - [DSMS], Durgapur","Durgapur, West Bengal","₹ 5,60,000",https://collegedunia.com/college/17566-durgapur-society-of-management-science-dsms-durgapur
"Chitkara University - [CU], Patiala","Patiala, Punjab","₹ 1,40,000",https://collegedunia.com/university/25778-chitkara-university-cu-patiala
"Integral University, Lucknow","Lucknow, Uttar Pradesh","₹ 1,40,000",https://collegedunia.com/university/25950-integral-university-lucknow
"Santhi College of Nursing, Kozhikode","Kozhikode, Kerala","₹ 1,40,000",https://collegedunia.com/college/55319-santhi-college-of-nursing-kozhikode
"DSMS Institute of Nursing, Durgapur","Durgapur, West Bengal","₹ 1,40,000",https://collegedunia.com/college/64370-dsms-institute-of-nursing-durgapur
"Kasturba Medical College - [KMC], Mangalore","Mangalore, Karnataka","₹ 5,56,000",https://collegedunia.com/college/10631-kasturba-medical-college-kmc-mangalore
"University of Science and Technology - [USTM], Ri-Bhoi","Ri-Bhoi, Meghalaya","₹ 1,95,000",https://collegedunia.com/university/25745-university-of-science-and-technology-ustm-ribhoi
"Bangalore Group of Institutions - [BGI], Bangalore","Bangalore, Karnataka","₹ 2,51,000",https://collegedunia.com/college/60178-bangalore-group-of-institutions-bgi-bangalore
"Jamia Hamdard University, New Delhi","New Delhi, Delhi NCR","₹ 1,69,000",https://collegedunia.com/university/25459-jamia-hamdard-university-new-delhi
"Teerthanker Mahaveer University, College Of Nursing - [TMU CON], Moradabad","Moradabad, Uttar Pradesh","₹ 1,38,000",https://collegedunia.com/college/58995-teerthanker-mahaveer-university-college-of-nursing-tmu-con-moradabad
"Mother Teresa Institute of Nursing - [MTIN], Kolkata","Kolkata, West Bengal","₹ 2,27,500",https://collegedunia.com/college/63117-mother-teresa-institute-of-nursing-mtin-kolkata
"Harsha Institutions, Bangalore","Bangalore, Karnataka","₹ 2,00,000",https://collegedunia.com/college/63239-harsha-institutions-bangalore
"Christian Medical College - [CMC], Ludhiana","Ludhiana, Punjab","₹ 1,47,800",https://collegedunia.com/college/7573-christian-medical-college-cmc-ludhiana
"Ganpat University - [GUNI], Mehsana","Mehsana, Gujarat","₹ 1,35,000",https://collegedunia.com/university/25486-ganpat-university-guni-mehsana
"Jain University - [JU], Bangalore","Bangalore, Karnataka","₹ 1,80,000",https://collegedunia.com/university/25606-jain-university-ju-bangalore
"K J Somaiya College of Nursing, Mumbai","Mumbai, Maharashtra","₹ 1,35,000",https://collegedunia.com/college/63951-k-j-somaiya-college-of-nursing-mumbai
"Nemcare Group Of Institutions - [NGI], Guwahati","Guwahati, Assam","₹ 1,80,000",https://collegedunia.com/college/64515-nemcare-group-of-institutions-ngi-guwahati
"Hill View College Of Nursing, Ranchi","Ranchi, Jharkhand","₹ 5,36,800",https://collegedunia.com/college/64310-hill-view-college-of-nursing-ranchi
"IQ City Institute of Nursing Sciences, Durgapur","Durgapur, West Bengal","₹ 1,60,000",https://collegedunia.com/college/63671-iq-city-institute-of-nursing-sciences-durgapur
"Pacific Medical University - [PMU], Udaipur","Udaipur, Rajasthan","₹ 1,35,000",https://collegedunia.com/university/58455-pacific-medical-university-pmu-udaipur
"Manipal - TATA Medical College, Jamshedpur, Jamshedpur","Jamshedpur, Jharkhand","₹ 1,83,000",https://collegedunia.com/college/65138-manipal-tata-medical-college-jamshedpur-jamshedpur
"Sikkim Manipal College of Nursing - [SMCON], Gangtok","Gangtok, Sikkim","₹ 1,36,000",https://collegedunia.com/college/12415-sikkim-manipal-college-of-nursing-smcon-gangtok
"Smt. Radhikabai Meghe Memorial College of Nursing  - [SRMMCON], Wardha","Wardha, Maharashtra","₹ 1,50,000",https://collegedunia.com/college/59526-smt-radhikabai-meghe-memorial-college-of-nursing-srmmcon-wardha
"Vinayaka Missions College of Nursing - [VMCON], Pondicherry","Pondicherry, Puducherry","₹ 1,31,000",https://collegedunia.com/college/56267-vinayaka-missions-college-of-nursing-vmcon-pondicherry
"Royal Global University - [RGU], Guwahati","Guwahati, Assam","₹ 1,30,000",https://collegedunia.com/university/55918-royal-global-university-rgu-guwahati
"PEWS Group of Institutions, Guwahati","Guwahati, Assam","₹ 1,30,000",https://collegedunia.com/college/62271-pews-group-of-institutions-guwahati
"Sree Sastha College of Nursing, Chennai","Chennai, Tamil Nadu","₹ 1,30,000",https://collegedunia.com/college/64956-sree-sastha-college-of-nursing-chennai
"Medical Institute of Allied Sciences ,Hyderabad - [MIAS], Hyderabad","Hyderabad, Telangana","₹ 1,30,000",https://collegedunia.com/college/65107-medical-institute-of-allied-sciences-hyderabad-mias-hyderabad
"Kalasalingam Academy of Research and Education, Krishnankovil","Krishnankovil, Tamil Nadu","₹ 1,37,000",https://collegedunia.com/university/25883-kalasalingam-academy-of-research-and-education-krishnankovil
"East Point Group of Institutions - [EPGI], Bangalore","Bangalore, Karnataka","₹ 1,72,000",https://collegedunia.com/college/13428-east-point-group-of-institutions-epgi-bangalore
"GNIOT Group of Institutions - [GNIOT], Greater Noida","Greater Noida, Uttar Pradesh","₹ 1,30,500",https://collegedunia.com/college/13636-gniot-group-of-institutions-gniot-greater-noida
"Omayal Achi College Of Nursing, Puzhal - [OACN], Chennai","Chennai, Tamil Nadu","₹ 1,28,000",https://collegedunia.com/college/55408-omayal-achi-college-of-nursing-puzhal-oacn-chennai
"Indira Nursing College -[INC], Mangalore","Mangalore, Karnataka","₹ 1,50,000",https://collegedunia.com/college/64747-indira-nursing-college-inc-mangalore
"Krishna Group of Institutions, Kanpur","Kanpur, Uttar Pradesh","₹ 1,26,500",https://collegedunia.com/college/58543-krishna-group-of-institutions-kanpur
"Yenepoya University, Bangalore","Bangalore, Karnataka","₹ 2,71,000",https://collegedunia.com/university/64133-yenepoya-university-bangalore
"PPG College of Nursing, Coimbatore","Coimbatore, Tamil Nadu","₹ 1,45,000",https://collegedunia.com/college/55474-ppg-college-of-nursing-coimbatore
"Mangalayatan University - [MU], Aligarh","Aligarh, Uttar Pradesh","₹ 1,25,500",https://collegedunia.com/university/25958-mangalayatan-university-mu-aligarh
"Sree Balaji Medical College and Hospital - [SBMCH], Chennai","Chennai, Tamil Nadu","₹ 1,25,000",https://collegedunia.com/college/11027-sree-balaji-medical-college-and-hospital-sbmch-chennai
"Abhaya Group of Institutions, Bangalore","Bangalore, Karnataka","₹ 5,00,000",https://collegedunia.com/college/11202-abhaya-group-of-institutions-bangalore
"Future University, Bareilly","Bareilly, Uttar Pradesh","₹ 1,25,000",https://collegedunia.com/university/13476-future-university-bareilly
"Saveetha Institute of Medical And Technical Sciences - [SIMATS], Chennai","Chennai, Tamil Nadu","₹ 1,25,000",https://collegedunia.com/college/25898-saveetha-institute-of-medical-and-technical-sciences-simats-chennai
"People's University, Bhopal","Bhopal, Madhya Pradesh","₹ 1,25,000",https://collegedunia.com/university/55099-peoples-university-bhopal
"SAGE University, Bhopal","Bhopal, Madhya Pradesh","₹ 1,25,000",https://collegedunia.com/university/60306-sage-university-bhopal
"Krishnaguru Adhyatmik Visvavidyalaya, Barpeta","Barpeta, Assam","₹ 1,25,000",https://collegedunia.com/university/60376-krishnaguru-adhyatmik-visvavidyalaya-barpeta
"MNR University, Hyderabad","Hyderabad, Telangana","₹ 1,25,000",https://collegedunia.com/university/63939-mnr-university-hyderabad
"Ankerite International Institute of Medical Science - [AIIMS], Lucknow","Lucknow, Uttar Pradesh","₹ 5,00,000",https://collegedunia.com/college/64226-ankerite-international-institute-of-medical-science-aiims-lucknow
"Swami Vivekananda Institute Of Nursing - [SVIN], Bardhaman","Bardhaman, West Bengal","₹ 5,00,000",https://collegedunia.com/college/64926-swami-vivekananda-institute-of-nursing-svin-bardhaman
"Joy University - [JU], Tirunelveli","Tirunelveli, Tamil Nadu","₹ 1,37,500",https://collegedunia.com/university/63635-joy-university-ju-tirunelveli
"JSS Academy of Higher Education & Research, Mysore","Mysore, Karnataka","₹ 1,65,800",https://collegedunia.com/university/25605-jss-academy-of-higher-education-and-research-mysore
"Sai Nath University, Ranchi","Ranchi, Jharkhand","₹ 1,39,500",https://collegedunia.com/university/25588-sai-nath-university-ranchi
"Banasthali Vidyapith, Jaipur","Jaipur, Rajasthan","₹ 1,24,000",https://collegedunia.com/university/25798-banasthali-vidyapith-jaipur
"Krishna Institute Of Higher Education, Madhepura","Madhepura, Bihar","₹ 4,95,000",https://collegedunia.com/college/64383-krishna-institute-of-higher-education-madhepura
"Jagannath Gupta Institute of Medical Sciences and Hospital - [JIMSH], Kolkata","Kolkata, West Bengal","₹ 1,61,000",https://collegedunia.com/college/63452-jagannath-gupta-institute-of-medical-sciences-and-hospital-jimsh-kolkata
"Aarogyam Nursing College, Roorkee","Roorkee, Uttarakhand","₹ 1,22,600",https://collegedunia.com/college/63524-aarogyam-nursing-college-roorkee
"Asian Institute of Nursing Education - [AINE], Guwahati","Guwahati, Assam","₹ 1,22,500",https://collegedunia.com/college/11302-asian-institute-of-nursing-education-aine-guwahati
"Sam Higginbottom University of Agriculture Technology and Sciences - [SHUATS], Allahabad","Allahabad, Uttar Pradesh","₹ 1,30,000",https://collegedunia.com/university/25968-sam-higginbottom-university-of-agriculture-technology-and-sciences-shuats-allahabad
"Queensland Academy of Nursing, Howrah","Howrah, West Bengal","₹ 1,90,000",https://collegedunia.com/college/64430-queensland-academy-of-nursing-howrah
"Kalinga Institute of Industrial Technology - [KIIT], Bhubaneswar","Bhubaneswar, Odisha","₹ 1,77,000",https://collegedunia.com/university/25760-kalinga-institute-of-industrial-technology-kiit-bhubaneswar
"Silver Oak University, Ahmedabad","Ahmedabad, Gujarat","₹ 1,22,000",https://collegedunia.com/university/59895-silver-oak-university-ahmedabad
"AVK Group of Institutions, Bangalore","Bangalore, Karnataka","₹ 4,85,000",https://collegedunia.com/college/50-avk-group-of-institutions-bangalore
"MBNS Institute, Jamshedpur","Jamshedpur, Jharkhand","₹ 1,58,000",https://collegedunia.com/college/64777-mbns-institute-jamshedpur
"Shine Abdur Razzaque Ansari Institute of Health Education and Research Center, Ranchi","Ranchi, Jharkhand","₹ 1,50,000",https://collegedunia.com/college/7755-shine-abdur-razzaque-ansari-institute-of-health-education-and-research-center-ranchi
"Chanchalben Mafatlal Patel College of Nursing - [CMPCN], Gandhinagar","Gandhinagar, Gujarat","₹ 1,20,000",https://collegedunia.com/college/11435-chanchalben-mafatlal-patel-college-of-nursing-cmpcn-gandhinagar
"Chitkara University, Solan","Solan, Himachal Pradesh","₹ 1,20,000",https://collegedunia.com/university/25552-chitkara-university-solan
"Sri Sri University - [SSU], Cuttack","Cuttack, Odisha","₹ 1,20,000",https://collegedunia.com/university/25768-sri-sri-university-ssu-cuttack
"Lovely Professional University - [LPU], Jalandhar","Jalandhar, Punjab","₹ 1,60,000",https://collegedunia.com/university/25787-lovely-professional-university-lpu-jalandhar
"G.C.R.G. Group of Institutions, Lucknow","Lucknow, Uttar Pradesh","₹ 1,20,000",https://collegedunia.com/college/59587-gcrg-group-of-institutions-lucknow
"Amritsar College of Nursing - [ACN], Amritsar","Amritsar, Punjab","₹ 1,20,000",https://collegedunia.com/college/63467-amritsar-college-of-nursing-acn-amritsar
"Misra Nursing Institute of Asansol, Asansol","Asansol, West Bengal","₹ 1,20,000",https://collegedunia.com/college/64233-misra-nursing-institute-of-asansol-asansol
"PPG Institute of Allied Health Sciences, Coimbatore","Coimbatore, Tamil Nadu","₹ 1,20,000",https://collegedunia.com/college/64518-ppg-institute-of-allied-health-sciences-coimbatore
"Global Hiramoni Memorial Nursing Institution, Krishnagar","Krishnagar, West Bengal","₹ 1,80,000",https://collegedunia.com/college/64908-global-hiramoni-memorial-nursing-institution-krishnagar
"CARE College of Nursing, Haridwar","Haridwar, Uttarakhand","₹ 1,20,000",https://collegedunia.com/college/65105-care-college-of-nursing-haridwar
"Savitri Nursing and Paramedical Institute, Gorakhpur","Gorakhpur, Uttar Pradesh","₹ 1,20,000",https://collegedunia.com/college/65146-savitri-nursing-and-paramedical-institute-gorakhpur
"GITAM Institute of Nursing, Visakhapatnam","Visakhapatnam, Andhra Pradesh","₹ 1,11,000",https://collegedunia.com/college/62254-gitam-institute-of-nursing-visakhapatnam
"Centurion University of Technology and Management - [CUTM], Bhubaneswar","Bhubaneswar, Odisha","₹ 1,25,000",https://collegedunia.com/university/25757-centurion-university-of-technology-and-management-cutm-bhubaneswar
"Kalinga Institute of Nursing Sciences - [KINS], Bhubaneswar","Bhubaneswar, Odisha","₹ 1,75,000",https://collegedunia.com/college/56983-kalinga-institute-of-nursing-sciences-kins-bhubaneswar
"Smt. Subhadra K. Jindal College of Nursing, Pune","Pune, Maharashtra","₹ 1,18,000",https://collegedunia.com/college/63444-smt-subhadra-k-jindal-college-of-nursing-pune
"Sardar Patel Nursing College -[SPNC], Lucknow","Lucknow, Uttar Pradesh","₹ 1,36,000",https://collegedunia.com/college/64632-sardar-patel-nursing-college-spnc-lucknow
"G D Goenka University, School of  Medical and Allied Sciences - [SMAS], Gurgaon","Gurgaon, Haryana","₹ 1,40,000",https://collegedunia.com/college/58766-g-d-goenka-university-school-of-medical-and-allied-sciences-smas-gurgaon
"Kunwar Singh Pharmacy College of Education, Giridih","Giridih, Jharkhand","₹ 4,70,000",https://collegedunia.com/college/64617-kunwar-singh-pharmacy-college-of-education-giridih
"Ideal Academy of Nursing Education, Ranchi","Ranchi, Jharkhand","₹ 1,40,000",https://collegedunia.com/college/64655-ideal-academy-of-nursing-education-ranchi
"St. Joseph’s College of Nursing, Hoshangabad","Hoshangabad, Madhya Pradesh","₹ 1,30,000",https://collegedunia.com/college/63919-st-josephs-college-of-nursing-hoshangabad
"North East Nursing College of Health Sciences, Papum Pare","Papum Pare, Arunachal Pradesh","₹ 1,17,000",https://collegedunia.com/college/62337-north-east-nursing-college-of-health-sciences-papum-pare
"Newtown Institute of Nursing Science - [NINS], Kolkata","Kolkata, West Bengal","₹ 4,65,000",https://collegedunia.com/college/64303-newtown-institute-of-nursing-science-nins-kolkata
"Vibrant Nursing College, Surat","Surat, Gujarat","₹ 1,16,000",https://collegedunia.com/college/64819-vibrant-nursing-college-surat
"Ambika College of Nursing, Mohali","Mohali, Punjab","₹ 1,15,000",https://collegedunia.com/college/11245-ambika-college-of-nursing-mohali
"Geetanjali College of Nursing - [GCN], Udaipur","Udaipur, Rajasthan","₹ 1,15,000",https://collegedunia.com/college/11584-geetanjali-college-of-nursing-gcn-udaipur
"Malwanchal University, Indore","Indore, Madhya Pradesh","₹ 1,15,000",https://collegedunia.com/university/58560-malwanchal-university-indore
"Chettinad Academy of Research and Education, Chennai","Chennai, Tamil Nadu","₹ 4,58,000",https://collegedunia.com/university/54944-chettinad-academy-of-research-and-education-chennai
"RIMT  University, Gobindgarh","Gobindgarh, Punjab","₹ 1,25,000",https://collegedunia.com/university/28173-rimt-university-gobindgarh
"Sister Nivedita University - [SNU], Kolkata","Kolkata, West Bengal","₹ 4,54,666",https://collegedunia.com/university/59341-sister-nivedita-university-snu-kolkata
"PG College of Nursing, Bhilai","Bhilai, Chhattisgarh","₹ 1,46,000",https://collegedunia.com/college/10806-pg-college-of-nursing-bhilai
"Yashwant College of Nursing, Kolhapur","Kolhapur, Maharashtra","₹ 1,13,000",https://collegedunia.com/college/63948-yashwant-college-of-nursing-kolhapur
"Bharath University - Bharath Institute of Higher Education and Research - [BIHER], Chennai","Chennai, Tamil Nadu","₹ 1,50,000",https://collegedunia.com/university/25871-bharath-university-bharath-institute-of-higher-education-and-research-biher-chennai
"PMIT Group of Colleges, Kolkata","Kolkata, West Bengal","₹ 4,50,000",https://collegedunia.com/college/62320-pmit-group-of-colleges-kolkata
"Gokul Institute of Nursing - [GIN], Kolkata","Kolkata, West Bengal","₹ 1,50,000",https://collegedunia.com/college/64766-gokul-institute-of-nursing-gin-kolkata
"Nalapad Group Of  Institutions, Bangalore","Bangalore, Karnataka","₹ 2,30,000",https://collegedunia.com/college/65093-nalapad-group-of-institutions-bangalore
"Tripura Medical College, West Tripura","West Tripura, Tripura","₹ 1,31,910",https://collegedunia.com/college/11125-tripura-medical-college-west-tripura
"Chirayu University, Bhopal","Bhopal, Madhya Pradesh","₹ 1,11,200",https://collegedunia.com/university/64871-chirayu-university-bhopal
"Chirayu College of Nursing, Bhopal","Bhopal, Madhya Pradesh","₹ 1,11,200",https://collegedunia.com/college/64873-chirayu-college-of-nursing-bhopal
"C. U. Shah University, Wadhwan","Wadhwan, Gujarat","₹ 1,12,800",https://collegedunia.com/university/57953-c-u-shah-university-wadhwan
"Himalayiya University, Dehradun","Dehradun, Uttarakhand","₹ 1,11,500",https://collegedunia.com/university/61334-himalayiya-university-dehradun
"Kunwars College of Nursing, Lucknow","Lucknow, Uttar Pradesh","₹ 1,11,000",https://collegedunia.com/college/64085-kunwars-college-of-nursing-lucknow
"Mata Gujri Institute of Nursing & Hospital, Jalandhar","Jalandhar, Punjab","₹ 1,10,000",https://collegedunia.com/college/11968-mata-gujri-institute-of-nursing-and-hospital-jalandhar
"Noida International University - [NIU], Greater Noida","Greater Noida, Uttar Pradesh","₹ 90,000",https://collegedunia.com/university/25964-noida-international-university-niu-greater-noida
"Lotus Bausch & Lomb Institute of Optometry, Coimbatore","Coimbatore, Tamil Nadu","₹ 1,10,000",https://collegedunia.com/college/55632-lotus-bausch-and-lomb-institute-of-optometry-coimbatore
"Rama University, Kanpur","Kanpur, Uttar Pradesh","₹ 1,10,000",https://collegedunia.com/university/56477-rama-university-kanpur
"T John Institute of Management and Science - [TJIMS], Bangalore","Bangalore, Karnataka","₹ 2,00,000",https://collegedunia.com/college/58161-t-john-institute-of-management-and-science-tjims-bangalore
"Saaii College of Medical Science & Technology - [SCMAT], Kanpur","Kanpur, Uttar Pradesh","₹ 1,10,000",https://collegedunia.com/college/59036-saaii-college-of-medical-science-and-technology-scmat-kanpur
"P.P. Savani University, Surat","Surat, Gujarat","₹ 1,20,000",https://collegedunia.com/university/59211-pp-savani-university-surat
"Dr. D. Y. Patil College Of Nursing, Pune","Pune, Maharashtra","₹ 1,10,000",https://collegedunia.com/college/60072-dr-d-y-patil-college-of-nursing-pune
"Rudra Group of Institutions, Meerut","Meerut, Uttar Pradesh","₹ 1,10,000",https://collegedunia.com/college/63647-rudra-group-of-institutions-meerut
"Nova Institute of Nursing And Paramedical Sciences, Lucknow","Lucknow, Uttar Pradesh","₹ 1,10,000",https://collegedunia.com/college/64290-nova-institute-of-nursing-and-paramedical-sciences-lucknow
"Yashraj colleges, Kanpur","Kanpur, Uttar Pradesh","₹ 1,10,000",https://collegedunia.com/college/64912-yashraj-colleges-kanpur
"Sri Venkateswaraa University, Ettayapuram","Ettayapuram, Tamil Nadu","₹ 1,10,000",https://collegedunia.com/university/65072-sri-venkateswaraa-university-ettayapuram
"Amrita Vishwa Vidyapeetham, Faridabad","Faridabad, Haryana","₹ 1,10,000",https://collegedunia.com/university/65091-amrita-vishwa-vidyapeetham-faridabad
"Deep Nursing Academy, New Delhi","New Delhi, Delhi NCR","₹ 1,10,000",https://collegedunia.com/college/65114-deep-nursing-academy-new-delhi
"DIT University - [DIT], Dehradun","Dehradun, Uttarakhand","₹ 1,77,600",https://collegedunia.com/university/13321-dit-university-dit-dehradun
"GITAM, Visakhapatnam","Visakhapatnam, Andhra Pradesh","₹ 1,39,000",https://collegedunia.com/university/25354-gitam-visakhapatnam
"Gitam Institute of Medical Science & Research - [GIMSR], Visakhapatnam","Visakhapatnam, Andhra Pradesh","₹ 1,39,000",https://collegedunia.com/college/57025-gitam-institute-of-medical-science-and-research-gimsr-visakhapatnam
"Shri Guru Ram Rai University - [SGRRU], Dehradun","Dehradun, Uttarakhand","₹ 1,33,500",https://collegedunia.com/university/60398-shri-guru-ram-rai-university-sgrru-dehradun
"Shree Dev Bhoomi Institute of Education Science & Technology - [SDBI], Dehradun","Dehradun, Uttarakhand","₹ 1,20,000",https://collegedunia.com/college/16891-shree-dev-bhoomi-institute-of-education-science-and-technology-sdbi-dehradun
"Indira Gandhi Technological And Medical Sciences University - [IGTAMSU], Ziro","Ziro, Arunachal Pradesh","₹ 1,20,000",https://collegedunia.com/university/60389-indira-gandhi-technological-and-medical-sciences-university-igtamsu-ziro
"Krishna Nursing and Paramedical Institute, Lucknow","Lucknow, Uttar Pradesh","₹ 1,35,000",https://collegedunia.com/college/64735-krishna-nursing-and-paramedical-institute-lucknow
"Ramakrishna Mission Seva Pratishthan, Kolkata","Kolkata, West Bengal","₹ 1,10,000",https://collegedunia.com/college/64620-ramakrishna-mission-seva-pratishthan-kolkata
"Saveetha College of Nursing - [SCON], Chennai","Chennai, Tamil Nadu","₹ 1,30,000",https://collegedunia.com/college/56290-saveetha-college-of-nursing-scon-chennai
"MotherHood University, Roorkee","Roorkee, Uttarakhand","₹ 1,12,000",https://collegedunia.com/university/57418-motherhood-university-roorkee
"Sakshi College Of Nursing And Paramedical Sciences, Kanpur","Kanpur, Uttar Pradesh","₹ 1,07,000",https://collegedunia.com/college/64177-sakshi-college-of-nursing-and-paramedical-sciences-kanpur
"T.S.Mishra University, Lucknow","Lucknow, Uttar Pradesh","₹ 1,18,200",https://collegedunia.com/university/63813-tsmishra-university-lucknow
"Cheran College of Nursing, Coimbatore","Coimbatore, Tamil Nadu","₹ 1,25,000",https://collegedunia.com/college/55438-cheran-college-of-nursing-coimbatore
"Cheran Group of Institutions, Coimbatore","Coimbatore, Tamil Nadu","₹ 1,25,000",https://collegedunia.com/college/63744-cheran-group-of-institutions-coimbatore
"Madhya Pradesh Medical Science University - [MPMSU], Jabalpur","Jabalpur, Madhya Pradesh","₹ 4,24,000",https://collegedunia.com/university/58557-madhya-pradesh-medical-science-university-mpmsu-jabalpur
"Vidhyadeep University, Surat","Surat, Gujarat","₹ 1,06,000",https://collegedunia.com/university/60256-vidhyadeep-university-surat
"Ch. Sughar Singh Group Of Institutions, Etawah","Etawah, Uttar Pradesh","₹ 1,06,000",https://collegedunia.com/college/62539-ch-sughar-singh-group-of-institutions-etawah
"A.G Group of Institution, Bokaro","Bokaro, Jharkhand","₹ 1,25,000",https://collegedunia.com/college/62719-ag-group-of-institution-bokaro
"Swaminarayan University, Kalol","Kalol, Gujarat","₹ 1,06,000",https://collegedunia.com/college/63489-swaminarayan-university-kalol
"Bahra University - [BU], Solan","Solan, Himachal Pradesh","₹ 1,05,000",https://collegedunia.com/university/25549-bahra-university-bu-solan
"Mewar University - [MU], Chittorgarh","Chittorgarh, Rajasthan","₹ 1,05,000",https://collegedunia.com/university/25830-mewar-university-mu-chittorgarh
"Renaissance University - [RU], Indore","Indore, Madhya Pradesh","₹ 1,05,000",https://collegedunia.com/university/60382-renaissance-university-ru-indore
"Mahavir Nursing Institute, Bayad","Bayad, Gujarat","₹ 1,05,000",https://collegedunia.com/college/62519-mahavir-nursing-institute-bayad
"Medhavi Skills University, East Sikkim","East Sikkim, Sikkim","₹ 1,62,000",https://collegedunia.com/university/63882-medhavi-skills-university-east-sikkim
"Mahayogi Gorakhnath University, Gorakhpur","Gorakhpur, Uttar Pradesh","₹ 1,05,000",https://collegedunia.com/university/63883-mahayogi-gorakhnath-university-gorakhpur
"Aram Institute, Ranchi","Ranchi, Jharkhand","₹ 1,05,000",https://collegedunia.com/college/64178-aram-institute-ranchi
"Shri Balaji Nursing Institute, Bahadurgarh","Bahadurgarh, Haryana","₹ 1,05,000",https://collegedunia.com/college/65127-shri-balaji-nursing-institute-bahadurgarh
"Mata  Gujri  University, Kishanganj","Kishanganj, Bihar","₹ 1,12,000",https://collegedunia.com/university/60404-mata-gujri-university-kishanganj
"St. Barnabas Hospital College of Nursing, Ranchi","Ranchi, Jharkhand","₹ 1,15,000",https://collegedunia.com/college/64023-st-barnabas-hospital-college-of-nursing-ranchi
"Holy Family College of Nursing, New Delhi","New Delhi, Delhi NCR","₹ 1,20,000",https://collegedunia.com/college/58806-holy-family-college-of-nursing-new-delhi
"Sri Venkateswaraa University, Chennai","Chennai, Tamil Nadu","₹ 1,15,000",https://collegedunia.com/university/65123-sri-venkateswaraa-university-chennai
"Smt Bakul Tambat Institute of Nursing Education, Pune","Pune, Maharashtra","₹ 1,02,000",https://collegedunia.com/college/12426-smt-bakul-tambat-institute-of-nursing-education-pune
"DY Patil Education Society - [DYPES], Kolhapur","Kolhapur, Maharashtra","₹ 1,02,000",https://collegedunia.com/university/25690-dy-patil-education-society-dypes-kolhapur
"Metro College of Health Sciences and Research - [MCHSR], Greater Noida","Greater Noida, Uttar Pradesh","₹ 1,02,000",https://collegedunia.com/college/62565-metro-college-of-health-sciences-and-research-mchsr-greater-noida
"Noorul Islam Centre for Higher Education [NICHE], Kanyakumari","Kanyakumari, Tamil Nadu","₹ 2,06,000",https://collegedunia.com/university/14509-noorul-islam-centre-for-higher-education-niche-kanyakumari
"Pravara Institute of Medical Sciences University - [PIMS], Ahmednagar","Ahmednagar, Maharashtra","₹ 1,05,000",https://collegedunia.com/university/25720-pravara-institute-of-medical-sciences-university-pims-ahmednagar
"Symbiosis College of Nursing - [SCON], Pune","Pune, Maharashtra","₹ 1,05,000",https://collegedunia.com/college/57467-symbiosis-college-of-nursing-scon-pune
"Rural Dental College, Ahmednagar","Ahmednagar, Maharashtra","₹ 1,05,000",https://collegedunia.com/college/59226-rural-dental-college-ahmednagar
"Pravara Rural Medical College - [PRMC], Loni, Ahmednagar","Ahmednagar, Maharashtra","₹ 1,05,000",https://collegedunia.com/college/60523-pravara-rural-medical-college-prmc-loni-ahmednagar
"Sri Sai R Group of Institutions, Aligarh","Aligarh, Uttar Pradesh","₹ 1,04,500",https://collegedunia.com/college/63970-sri-sai-r-group-of-institutions-aligarh
"Guru Jambheshwar University of Science and Technology - [GJUS&T], Hisar","Hisar, Haryana","₹ 1,06,900",https://collegedunia.com/university/25527-guru-jambheshwar-university-of-science-and-technology-gjusandt-hisar
"Dr. Vithalrao Vikhe Patil Foundation's Medical College - [VIMS], Ahmednagar","Ahmednagar, Maharashtra","₹ 1,00,500",https://collegedunia.com/college/10823-dr-vithalrao-vikhe-patil-foundations-medical-college-vims-ahmednagar
"Bhavdiya Group of Institutions, Ayodhya","Ayodhya, Uttar Pradesh","₹ 1,23,000",https://collegedunia.com/college/59547-bhavdiya-group-of-institutions-ayodhya
"Avadh Institute Of Medical Technology and Hospital - [AIMTH], Lucknow","Lucknow, Uttar Pradesh","₹ 1,00,000",https://collegedunia.com/college/7545-avadh-institute-of-medical-technology-and-hospital-aimth-lucknow
"National School of Management Studies, Durgapur","Durgapur, West Bengal","₹ 4,00,000",https://collegedunia.com/college/8059-national-school-of-management-studies-durgapur
"Bishop's College of Nursing, Dharapuram","Dharapuram, Tamil Nadu","₹ 1,00,000",https://collegedunia.com/college/11391-bishops-college-of-nursing-dharapuram
"Eashwari Bai Memorial College of Nursing - [EBMCON], Secunderabad","Secunderabad, Telangana","₹ 1,00,000",https://collegedunia.com/college/11535-eashwari-bai-memorial-college-of-nursing-ebmcon-secunderabad
"Mother Marry Institute of Nursing, Hoshiarpur","Hoshiarpur, Punjab","₹ 1,00,000",https://collegedunia.com/college/11999-mother-marry-institute-of-nursing-hoshiarpur
"A.N.A Group of Institutions, Bareilly","Bareilly, Uttar Pradesh","₹ 1,00,000",https://collegedunia.com/college/12680-ana-group-of-institutions-bareilly
"Arrdekta Institute of Technology, Sabarkantha","Sabarkantha, Gujarat","₹ 1,00,000",https://collegedunia.com/college/12869-arrdekta-institute-of-technology-sabarkantha
"Sri Basaveshwara Institute of Technology - [SBIT], Tumkur","Tumkur, Karnataka","₹ 4,00,000",https://collegedunia.com/college/15206-sri-basaveshwara-institute-of-technology-sbit-tumkur
"Rabindranath Tagore University - [RNTU], Bhopal","Bhopal, Madhya Pradesh","₹ 1,00,000",https://collegedunia.com/university/25656-rabindranath-tagore-university-rntu-bhopal
"Bharati Vidyapeeth Deemed University Pune, Pune","Pune, Maharashtra","₹ 1,00,000",https://collegedunia.com/university/25688-bharati-vidyapeeth-deemed-university-pune-pune
"SRM Institute of Science and Technology - [SRMIST], Chennai","Chennai, Tamil Nadu","₹ 1,00,000",https://collegedunia.com/university/25896-srm-institute-of-science-and-technology-srmist-chennai
"Sri Ramachandra Institute of Higher Education and Research, Chennai","Chennai, Tamil Nadu","₹ 1,00,000",https://collegedunia.com/university/25900-sri-ramachandra-institute-of-higher-education-and-research-chennai
"Vivekananda Global University - [VGU], Jaipur","Jaipur, Rajasthan","₹ 1,00,000",https://collegedunia.com/university/54832-vivekananda-global-university-vgu-jaipur
"Dr. K. M. Cherian Heart Foundation, Chennai","Chennai, Tamil Nadu","₹ 1,00,000",https://collegedunia.com/college/55504-dr-k-m-cherian-heart-foundation-chennai
"Grace College of Nursing, Kanyakumari","Kanyakumari, Tamil Nadu","₹ 1,00,000",https://collegedunia.com/college/55598-grace-college-of-nursing-kanyakumari
"M.N. College of Optometry, Chennai","Chennai, Tamil Nadu","₹ 1,00,000",https://collegedunia.com/college/55677-mn-college-of-optometry-chennai
"Sree Balaji College of Nursing, Chennai","Chennai, Tamil Nadu","₹ 1,00,000",https://collegedunia.com/college/56201-sree-balaji-college-of-nursing-chennai
"Faculty of Nursing, SRIHER, Chennai","Chennai, Tamil Nadu","₹ 1,00,000",https://collegedunia.com/college/56208-faculty-of-nursing-sriher-chennai
"Netaji Subhas University - [NSU], Jamshedpur","Jamshedpur, Jharkhand","₹ 4,00,000",https://collegedunia.com/university/59945-netaji-subhas-university-nsu-jamshedpur
"Rajshree Medical Research Institute - [RMRI], Bareilly","Bareilly, Uttar Pradesh","₹ 1,08,000",https://collegedunia.com/college/60008-rajshree-medical-research-institute-rmri-bareilly
"Rajshree Group of Institutions, Bareilly","Bareilly, Uttar Pradesh","₹ 1,08,000",https://collegedunia.com/college/60011-rajshree-group-of-institutions-bareilly
"Rajshree Nursing Institute, Bareilly","Bareilly, Uttar Pradesh","₹ 1,08,000",https://collegedunia.com/college/60016-rajshree-nursing-institute-bareilly
"Hindusthan College of Nursing - [HCON], Coimbatore","Coimbatore, Tamil Nadu","₹ 1,00,000",https://collegedunia.com/college/62552-hindusthan-college-of-nursing-hcon-coimbatore
"Sakshi College of Pharmacy, Kanpur","Kanpur, Uttar Pradesh","₹ 1,00,000",https://collegedunia.com/college/62615-sakshi-college-of-pharmacy-kanpur
"Technocrats Group of Institutions, Bhopal","Bhopal, Madhya Pradesh","₹ 1,00,000",https://collegedunia.com/college/62767-technocrats-group-of-institutions-bhopal
"Cauvery Group of Institutions, Mysore","Mysore, Karnataka","₹ 1,00,000",https://collegedunia.com/college/63193-cauvery-group-of-institutions-mysore
"Mohan Babu University - [MBU], Tirupati","Tirupati, Andhra Pradesh","₹ 1,00,000",https://collegedunia.com/university/63375-mohan-babu-university-mbu-tirupati
"Hayward Institute of Nursing and Science, Gwalior","Gwalior, Madhya Pradesh","₹ 1,00,000",https://collegedunia.com/college/63815-hayward-institute-of-nursing-and-science-gwalior
"Maganbhai Adenwala Mahagujarat University, Nadiad","Nadiad, Gujarat","₹ 1,00,000",https://collegedunia.com/university/63888-maganbhai-adenwala-mahagujarat-university-nadiad
"SIGNA Colleges, Kanpur","Kanpur, Uttar Pradesh","₹ 1,00,000",https://collegedunia.com/college/64201-signa-colleges-kanpur
"Sri K.L. Shastri Smarak Nursing College, Lucknow","Lucknow, Uttar Pradesh","₹ 1,00,000",https://collegedunia.com/college/64230-sri-kl-shastri-smarak-nursing-college-lucknow
"Divine Institute of Nursing and Paramedical Science, Lucknow","Lucknow, Uttar Pradesh","₹ 1,00,000",https://collegedunia.com/college/64235-divine-institute-of-nursing-and-paramedical-science-lucknow
"Sree Abirami College of Allied Health Science, Coimbatore","Coimbatore, Tamil Nadu","₹ 1,00,000",https://collegedunia.com/college/64485-sree-abirami-college-of-allied-health-science-coimbatore
"Chaitanya University - [CU], Himayathnagar","Himayathnagar, Telangana","₹ 1,00,000",https://collegedunia.com/university/64569-chaitanya-university-cu-himayathnagar
"Sree Abirami Institutions, Coimbatore","Coimbatore, Tamil Nadu","₹ 1,00,000",https://collegedunia.com/college/64728-sree-abirami-institutions-coimbatore
"JNCT Professional University, Bhopal, Bhopal","Bhopal, Madhya Pradesh","₹ 1,00,000",https://collegedunia.com/university/64872-jnct-professional-university-bhopal-bhopal
"Dr. Ambedkar Institute of Medical Science (DAIMS), Rourkela","Rourkela, Odisha","₹ 1,00,000",https://collegedunia.com/college/64930-dr-ambedkar-institute-of-medical-science-daims-rourkela
"Shrey Institute of Nursing and Allied Sciences, Ahmedabad","Ahmedabad, Gujarat","₹ 1,00,000",https://collegedunia.com/college/64968-shrey-institute-of-nursing-and-allied-sciences-ahmedabad
"Shri Mukesh Kumar Jauhari Nursing and Paramedical College, Bareilly","Bareilly, Uttar Pradesh","₹ 1,00,000",https://collegedunia.com/college/64974-shri-mukesh-kumar-jauhari-nursing-and-paramedical-college-bareilly
"Syadwad Institute of Higher Education & Research -[SIHER], Bhaghpat","Bhaghpat, Uttar Pradesh","₹ 1,10,000",https://collegedunia.com/college/65032-syadwad-institute-of-higher-education-and-research-siher-bhaghpat
"SVM College of Nursing, Rohtak","Rohtak, Haryana","₹ 1,00,000",https://collegedunia.com/college/65057-svm-college-of-nursing-rohtak
"Emversity - School of Allied Health Sciences, Bangalore","Bangalore, Karnataka","₹ 1,33,000",https://collegedunia.com/college/64900-emversity-school-of-allied-health-sciences-bangalore
"People's College of Nursing & Research Centre - [PCNRC], Bhopal","Bhopal, Madhya Pradesh","₹ 99,000",https://collegedunia.com/college/12114-peoples-college-of-nursing-and-research-centre-pcnrc-bhopal
"Nazarene Nurses Training College, Washim","Washim, Maharashtra","₹ 99,000",https://collegedunia.com/college/63933-nazarene-nurses-training-college-washim
"Meerut Institute of Engineering & Technology Kumaon - [MIET], Haldwani","Haldwani, Uttarakhand","₹ 98,800",https://collegedunia.com/college/57442-meerut-institute-of-engineering-and-technology-kumaon-miet-haldwani
"Saveetha Medical College, Chennai","Chennai, Tamil Nadu","₹ 1,45,000",https://collegedunia.com/college/10967-saveetha-medical-college-chennai
"Prof. Brijmohan Mishra Institute of Medical & Technical Sciences - [BIMTS], Burhanpur","Burhanpur, Madhya Pradesh","₹ 1,10,000",https://collegedunia.com/college/58647-prof-brijmohan-mishra-institute-of-medical-and-technical-sciences-bimts-burhanpur
"GS Group, Hapur","Hapur, Uttar Pradesh","₹ 1,22,000",https://collegedunia.com/college/63757-gs-group-hapur
"Jubilee Mission College of Nursing - [JMCON], Thrissur","Thrissur, Kerala","₹ 1,17,325",https://collegedunia.com/college/11746-jubilee-mission-college-of-nursing-jmcon-thrissur
"Teerthanker Mahaveer University, College of Paramedical Sciences - [TMU CPS], Moradabad","Moradabad, Uttar Pradesh","₹ 1,12,400",https://collegedunia.com/college/57226-teerthanker-mahaveer-university-college-of-paramedical-sciences-tmu-cps-moradabad
"Naincy College of Nursing, Nainital","Nainital, Uttarakhand","₹ 99,800",https://collegedunia.com/college/64469-naincy-college-of-nursing-nainital
"Dhanalakshmi Srinivasan University - [DSU], Tiruchirappalli","Tiruchirappalli, Tamil Nadu","₹ 1,41,000",https://collegedunia.com/university/62883-dhanalakshmi-srinivasan-university-dsu-tiruchirappalli
"KS Hegde Medical Academy - [KSHEMA], Mangalore","Mangalore, Karnataka","₹ 1,32,500",https://collegedunia.com/college/56549-ks-hegde-medical-academy-kshema-mangalore
"Meenakshi Academy of Higher Education and Research - [MAHER], Chennai","Chennai, Tamil Nadu","₹ 1,30,000",https://collegedunia.com/university/25888-meenakshi-academy-of-higher-education-and-research-maher-chennai
"Vels Institute of Science, Technology & Advanced Studies, Chennai","Chennai, Tamil Nadu","₹ 1,30,000",https://collegedunia.com/university/25911-vels-institute-of-science-technology-and-advanced-studies-chennai
"SGT University, Gurgaon","Gurgaon, Haryana","₹ 1,30,000",https://collegedunia.com/university/54847-sgt-university-gurgaon
"T John Group of Institutions, Bangalore","Bangalore, Karnataka","₹ 1,50,000",https://collegedunia.com/college/63294-t-john-group-of-institutions-bangalore
"Sharda University, School of Allied Health Sciences - [SAHS], Greater Noida","Greater Noida, Uttar Pradesh","₹ 1,29,780",https://collegedunia.com/college/58973-sharda-university-school-of-allied-health-sciences-sahs-greater-noida
"Shri Rawatpura Sarkar University - [SRU], Raipur","Raipur, Chhattisgarh","₹ 1,01,200",https://collegedunia.com/university/59905-shri-rawatpura-sarkar-university-sru-raipur
"Devsthali Vidyapeeth, Rudrapur","Rudrapur, Uttarakhand","₹ 1,04,000",https://collegedunia.com/college/9378-devsthali-vidyapeeth-rudrapur
"RP Inderaprastha Institute of Technology - [RPIIT], Karnal","Karnal, Haryana","₹ 97,000",https://collegedunia.com/college/14665-rp-inderaprastha-institute-of-technology-rpiit-karnal
"Vidhyadeep School of Nursing, Surat","Surat, Gujarat","₹ 3,88,000",https://collegedunia.com/college/60252-vidhyadeep-school-of-nursing-surat
"Westfort Institute of Paramedical Science - [WIMS], Thrissur","Thrissur, Kerala","₹ 3,86,900",https://collegedunia.com/college/11180-westfort-institute-of-paramedical-science-wims-thrissur
"Acharya Institute Of Allied Health Sciences, Bangalore","Bangalore, Karnataka","₹ 1,16,175",https://collegedunia.com/college/60509-acharya-institute-of-allied-health-sciences-bangalore
"Mother Teresa College of Nursing, Aurangabad","Aurangabad, Maharashtra","₹ 96,500",https://collegedunia.com/college/63903-mother-teresa-college-of-nursing-aurangabad
"Mahatma Gandhi University, School of Medical Education - [SME], Kottayam","Kottayam, Kerala","₹ 1,06,400",https://collegedunia.com/college/55286-mahatma-gandhi-university-school-of-medical-education-sme-kottayam
"Mahayogi Pilot Baba Institute of Higher Education and Research - [MPBIMER], Nainital","Nainital, Uttarakhand","₹ 1,00,000",https://collegedunia.com/college/64457-mahayogi-pilot-baba-institute-of-higher-education-and-research-mpbimer-nainital
"Maa Ambey Institute of Nursing & Paramedical Science, Almora","Almora, Uttarakhand","₹ 1,00,000",https://collegedunia.com/college/64850-maa-ambey-institute-of-nursing-and-paramedical-science-almora
"Ahmedabad Institute of Nursing Sciences, Ahmedabad","Ahmedabad, Gujarat","₹ 96,000",https://collegedunia.com/college/63670-ahmedabad-institute-of-nursing-sciences-ahmedabad
"Al Shifa College of Nursing, Malappuram","Malappuram, Kerala","₹ 1,06,325",https://collegedunia.com/college/10233-al-shifa-college-of-nursing-malappuram
"PVS College of Nursing, Kozhikode","Kozhikode, Kerala","₹ 1,06,325",https://collegedunia.com/college/10813-pvs-college-of-nursing-kozhikode
"Amrita College of Nursing, Kochi","Kochi, Kerala","₹ 1,06,325",https://collegedunia.com/college/11249-amrita-college-of-nursing-kochi
"Aswini College of Nursing, Thrissur","Thrissur, Kerala","₹ 1,06,325",https://collegedunia.com/college/11303-aswini-college-of-nursing-thrissur
"Crescent Institution of Nursing Alathur, Palakkad","Palakkad, Kerala","₹ 1,06,325",https://collegedunia.com/college/11472-crescent-institution-of-nursing-alathur-palakkad
"Nirmala College of Nursing, Calicut","Calicut, Kerala","₹ 1,06,325",https://collegedunia.com/college/12063-nirmala-college-of-nursing-calicut
"College of Nursing Thalassery, Kannur","Kannur, Kerala","₹ 1,06,325",https://collegedunia.com/college/55247-college-of-nursing-thalassery-kannur
"Westfort College of Nursing - [WCN], Thrissur","Thrissur, Kerala","₹ 1,06,325",https://collegedunia.com/college/55267-westfort-college-of-nursing-wcn-thrissur
"Vinayaka Missions Sikkim University - [VMSU], Gangtok","Gangtok, Sikkim","₹ 3,82,000",https://collegedunia.com/university/25859-vinayaka-missions-sikkim-university-vmsu-gangtok
"Radha Govind University - [RGU], Ramgarh","Ramgarh, Jharkhand","₹ 1,00,000",https://collegedunia.com/university/59951-radha-govind-university-rgu-ramgarh
"Mass College of Nursing, Udaipur","Udaipur, Rajasthan","₹ 95,000",https://collegedunia.com/college/11966-mass-college-of-nursing-udaipur
"Mother College of Nursing, Thrissur","Thrissur, Kerala","₹ 95,000",https://collegedunia.com/college/11997-mother-college-of-nursing-thrissur
"Dr. M.G.R. Educational and Research Institute, Chennai","Chennai, Tamil Nadu","₹ 1,40,000",https://collegedunia.com/university/25877-dr-mgr-educational-and-research-institute-chennai
"Apex Professional University - [APU], Pasighat","Pasighat, Arunachal Pradesh","₹ 95,000",https://collegedunia.com/university/54843-apex-professional-university-apu-pasighat
"Christian College Of Nursing, Dindigul","Dindigul, Tamil Nadu","₹ 95,000",https://collegedunia.com/college/55492-christian-college-of-nursing-dindigul
"Smt. Vidyawati Group of Institutions - [SVGI], Jhansi","Jhansi, Uttar Pradesh","₹ 95,000",https://collegedunia.com/college/60153-smt-vidyawati-group-of-institutions-svgi-jhansi
"Bapu Gujarat Knowledge Village - [Bapu GKV], Gandhinagar","Gandhinagar, Gujarat","₹ 95,000",https://collegedunia.com/college/60174-bapu-gujarat-knowledge-village-bapu-gkv-gandhinagar
"Shankersinh Vaghela Bapu Institute of Nursing - [SVBIN], Gandhinagar","Gandhinagar, Gujarat","₹ 95,000",https://collegedunia.com/college/60176-shankersinh-vaghela-bapu-institute-of-nursing-svbin-gandhinagar
"Ganpati Group of Institute, Bhopal","Bhopal, Madhya Pradesh","₹ 95,000",https://collegedunia.com/college/62394-ganpati-group-of-institute-bhopal
"Sikkim Professional University, West Sikkim","West Sikkim, Sikkim","₹ 95,000",https://collegedunia.com/university/62653-sikkim-professional-university-west-sikkim
"Ganpati College of Nursing, Bhopal","Bhopal, Madhya Pradesh","₹ 95,000",https://collegedunia.com/college/63482-ganpati-college-of-nursing-bhopal
"Sushila Institute of Medical Sciences, Dehradun","Dehradun, Uttarakhand","₹ 95,000",https://collegedunia.com/college/63800-sushila-institute-of-medical-sciences-dehradun
"Holy Spirit Institute of Nursing Education, Mumbai","Mumbai, Maharashtra","₹ 95,000",https://collegedunia.com/college/63904-holy-spirit-institute-of-nursing-education-mumbai
"Datta Meghe College of Nursing, Nagpur","Nagpur, Maharashtra","₹ 95,000",https://collegedunia.com/college/63905-datta-meghe-college-of-nursing-nagpur
"Matoshri College of Nursing, Nashik","Nashik, Maharashtra","₹ 95,000",https://collegedunia.com/college/63911-matoshri-college-of-nursing-nashik
"K.T. Patil College of Pharmacy - [KTPCOP], Osmanabad","Osmanabad, Maharashtra","₹ 94,500",https://collegedunia.com/college/9585-kt-patil-college-of-pharmacy-ktpcop-osmanabad
"Drs. Kiran and Pallavi Patel Global University, Vadodara","Vadodara, Gujarat","₹ 94,500",https://collegedunia.com/university/12964-drs-kiran-and-pallavi-patel-global-university-vadodara
"Al Shifa College of Paramedical Sciences, Perinthalmanna","Perinthalmanna, Kerala","₹ 3,76,900",https://collegedunia.com/college/10234-al-shifa-college-of-paramedical-sciences-perinthalmanna
"Medical Trust Institute of Medical Sciences - [MTIMS], Kochi","Kochi, Kerala","₹ 3,76,900",https://collegedunia.com/college/10729-medical-trust-institute-of-medical-sciences-mtims-kochi
"MIMS College of Allied Health Sciences Vazhayoor, Malappuram","Malappuram, Kerala","₹ 3,76,900",https://collegedunia.com/college/16721-mims-college-of-allied-health-sciences-vazhayoor-malappuram
"Lisieux College of Paramedical Sciences - [LCPS], Ernakulam","Ernakulam, Kerala","₹ 3,76,900",https://collegedunia.com/college/55224-lisieux-college-of-paramedical-sciences-lcps-ernakulam
"KVM Institute of Paramedical Sciences - [KVMIPMS], Cherthala","Cherthala, Kerala","₹ 3,76,900",https://collegedunia.com/college/55246-kvm-institute-of-paramedical-sciences-kvmipms-cherthala
"Moulana Institute of Paramedical Sciences Angadippuram, Malappuram","Malappuram, Kerala","₹ 3,76,900",https://collegedunia.com/college/55263-moulana-institute-of-paramedical-sciences-angadippuram-malappuram
"EMS College of Paramedical Sciences, Malappuram","Malappuram, Kerala","₹ 95,350",https://collegedunia.com/college/55322-ems-college-of-paramedical-sciences-malappuram
"St. Gregorios College of Health Science Parumala, Pathanamthitta","Pathanamthitta, Kerala","₹ 3,76,900",https://collegedunia.com/college/55357-st-gregorios-college-of-health-science-parumala-pathanamthitta
"Mohammad Ali Jauhar University, Rampur","Rampur, Uttar Pradesh","₹ 1,00,700",https://collegedunia.com/university/25959-mohammad-ali-jauhar-university-rampur
"Apeejay Stya University - [ASU], Gurgaon","Gurgaon, Haryana","₹ 1,25,200",https://collegedunia.com/university/25518-apeejay-stya-university-asu-gurgaon
"Maharishi Markandeshwar - [MMU], Solan","Solan, Himachal Pradesh","₹ 93,500",https://collegedunia.com/university/25562-maharishi-markandeshwar-mmu-solan
"Saveetha College of Allied Health Sciences - [SCAHS], Chennai","Chennai, Tamil Nadu","₹ 1,25,000",https://collegedunia.com/college/63469-saveetha-college-of-allied-health-sciences-scahs-chennai
"Cheran College of Allied Health Science, Coimbatore","Coimbatore, Tamil Nadu","₹ 1,25,000",https://collegedunia.com/college/64982-cheran-college-of-allied-health-science-coimbatore
"School of Bioscience, Apeejay Stya University -[SBS], Gurgaon","Gurgaon, Haryana","₹ 1,30,200",https://collegedunia.com/college/59763-school-of-bioscience-apeejay-stya-university-sbs-gurgaon
"Sushant University, Gurgaon","Gurgaon, Haryana","₹ 1,28,120",https://collegedunia.com/university/25517-sushant-university-gurgaon
"Holy Family Institute of Nursing Education - [HFINE], Thane","Thane, Maharashtra","₹ 93,500",https://collegedunia.com/college/11662-holy-family-institute-of-nursing-education-hfine-thane
"Dr Panjabrao Deshmukh Memorial Medical College, Amravati","Amravati, Maharashtra","₹ 93,000",https://collegedunia.com/college/10404-dr-panjabrao-deshmukh-memorial-medical-college-amravati
"Guru Gobind Singh Indraprastha University - [GGSIPU], New Delhi","New Delhi, Delhi NCR","₹ 1,02,000",https://collegedunia.com/university/25450-guru-gobind-singh-indraprastha-university-ggsipu-new-delhi
"P. D. Hinduja Hospital & Medical Research Centre College of Nursing, Mumbai","Mumbai, Maharashtra","₹ 93,000",https://collegedunia.com/college/57665-p-d-hinduja-hospital-and-medical-research-centre-college-of-nursing-mumbai
"Vikrant Group of Institutions - [VGI], Indore","Indore, Madhya Pradesh","₹ 93,000",https://collegedunia.com/college/60843-vikrant-group-of-institutions-vgi-indore
"Desh Bhagat University - [DBU], Gobindgarh","Gobindgarh, Punjab","₹ 92,600",https://collegedunia.com/university/25780-desh-bhagat-university-dbu-gobindgarh
"Brainware University, Kolkata","Kolkata, West Bengal","₹ 3,70,200",https://collegedunia.com/university/57217-brainware-university-kolkata
"PES University Electronic City Campus, Bangalore","Bangalore, Karnataka","₹ 1,30,000",https://collegedunia.com/university/56859-pes-university-electronic-city-campus-bangalore
"Department of Para-Medical Sciences, Sumandeep Vidyapeeth, Vadodara","Vadodara, Gujarat","₹ 1,00,000",https://collegedunia.com/college/60291-department-of-paramedical-sciences-sumandeep-vidyapeeth-vadodara
"Yashraj Institute of Education - [YRIE], Lucknow","Lucknow, Uttar Pradesh","₹ 1,00,000",https://collegedunia.com/college/64625-yashraj-institute-of-education-yrie-lucknow
"Uttaranchal University, Dehradun","Dehradun, Uttarakhand","₹ 92,000",https://collegedunia.com/university/26001-uttaranchal-university-dehradun
"Indore Nursing College, Indore","Indore, Madhya Pradesh","₹ 97,500",https://collegedunia.com/college/11691-indore-nursing-college-indore
"Uka Tarsadia University, Bardoli","Bardoli, Gujarat","₹ 1,14,000",https://collegedunia.com/university/25514-uka-tarsadia-university-bardoli
"G.H Raisoni University - [GHRU], Saikheda","Saikheda, Madhya Pradesh","₹ 91,000",https://collegedunia.com/university/58559-gh-raisoni-university-ghru-saikheda
"Malik Deenar College of Nursing, Kasaragod","Kasaragod, Kerala","₹ 91,300",https://collegedunia.com/college/11927-malik-deenar-college-of-nursing-kasaragod
"Mount Zion College of Nursing - [MZCN], Pudukkottai","Pudukkottai, Tamil Nadu","₹ 90,000",https://collegedunia.com/college/12011-mount-zion-college-of-nursing-mzcn-pudukkottai
"Swami Vivekanand Institute of Engineering & Technology - [SVIET], Patiala","Patiala, Punjab","₹ 3,60,000",https://collegedunia.com/college/15392-swami-vivekanand-institute-of-engineering-and-technology-sviet-patiala
"Sumandeep Vidyapeeth, Vadodara","Vadodara, Gujarat","₹ 90,000",https://collegedunia.com/university/25513-sumandeep-vidyapeeth-vadodara
"RKDF University, Bhopal","Bhopal, Madhya Pradesh","₹ 90,000",https://collegedunia.com/university/25684-rkdf-university-bhopal
"Archana College of Engineering - [ACE], Alappuzha","Alappuzha, Kerala","₹ 90,000",https://collegedunia.com/college/28394-archana-college-of-engineering-ace-alappuzha
"Dr. Subhash University, Junagadh","Junagadh, Gujarat","₹ 90,000",https://collegedunia.com/university/28609-dr-subhash-university-junagadh
"VIIT Group of College, Bulandshahr","Bulandshahr, Uttar Pradesh","₹ 90,000",https://collegedunia.com/college/45621-viit-group-of-college-bulandshahr
"Holy Family Hospital - [HFH], Idukki","Idukki, Kerala","₹ 90,000",https://collegedunia.com/college/55218-holy-family-hospital-hfh-idukki
"Sumandeep Nursing College, Vadodara","Vadodara, Gujarat","₹ 90,000",https://collegedunia.com/college/56926-sumandeep-nursing-college-vadodara
"LNCT University - [LNCTU], Bhopal","Bhopal, Madhya Pradesh","₹ 90,000",https://collegedunia.com/university/56938-lnct-university-lnctu-bhopal
"Amrapali University, Haldwani","Haldwani, Uttarakhand","₹ 90,000",https://collegedunia.com/university/59419-amrapali-university-haldwani
"Centurion University of Technology and Management - [CUTM], Vizianagaram","Vizianagaram, Andhra Pradesh","₹ 90,000",https://collegedunia.com/university/59556-centurion-university-of-technology-and-management-cutm-vizianagaram
"KNP Group of Institutions, Bhopal","Bhopal, Madhya Pradesh","₹ 90,000",https://collegedunia.com/college/59739-knp-group-of-institutions-bhopal
"SAM Global University, Bhopal","Bhopal, Madhya Pradesh","₹ 90,000",https://collegedunia.com/university/60633-sam-global-university-bhopal
"St.Mary's College of Health Science, Tenkasi","Tenkasi, Tamil Nadu","₹ 1,20,000",https://collegedunia.com/college/60647-stmarys-college-of-health-science-tenkasi
"RMS Campus, Vadodara","Vadodara, Gujarat","₹ 90,000",https://collegedunia.com/college/60790-rms-campus-vadodara
"NEPEDS Group of Institutions, Guwahati","Guwahati, Assam","₹ 3,60,000",https://collegedunia.com/college/62233-nepeds-group-of-institutions-guwahati
"Sigma University, Vadodara","Vadodara, Gujarat","₹ 1,10,000",https://collegedunia.com/university/62794-sigma-university-vadodara
"Max Healthcare Education Vaishali, Ghaziabad","Ghaziabad, Uttar Pradesh","₹ 3,60,000",https://collegedunia.com/college/63461-max-healthcare-education-vaishali-ghaziabad
"Max Healthcare Education Rohini, New Delhi","New Delhi, Delhi NCR","₹ 3,60,000",https://collegedunia.com/college/63470-max-healthcare-education-rohini-new-delhi
"Swasthya Kalyan Institute Of Medical Technology and Nursing Education, Jaipur","Jaipur, Rajasthan","₹ 90,000",https://collegedunia.com/college/63806-swasthya-kalyan-institute-of-medical-technology-and-nursing-education-jaipur
"Surajmal University - [SMU], Udham Singh Nagar","Udham Singh Nagar, Uttarakhand","₹ 90,000",https://collegedunia.com/university/63890-surajmal-university-smu-udham-singh-nagar
"Awasthi Group of Institutions, Solan","Solan, Himachal Pradesh","₹ 90,000",https://collegedunia.com/college/64032-awasthi-group-of-institutions-solan
"Sahara College of Nursing and Paramedical Sciences, Lucknow","Lucknow, Uttar Pradesh","₹ 90,000",https://collegedunia.com/college/64088-sahara-college-of-nursing-and-paramedical-sciences-lucknow
"Core College Of Nursing & Paramedical, Indore","Indore, Madhya Pradesh","₹ 90,000",https://collegedunia.com/college/64120-core-college-of-nursing-and-paramedical-indore
"Umalok Group of Institutions, Meerut","Meerut, Uttar Pradesh","₹ 90,000",https://collegedunia.com/college/64210-umalok-group-of-institutions-meerut
"VG Institute of Paramedical Sciences, Coimbatore","Coimbatore, Tamil Nadu","₹ 1,20,000",https://collegedunia.com/college/64389-vg-institute-of-paramedical-sciences-coimbatore
"Deepmala College of Nursing, Bareilly","Bareilly, Uttar Pradesh","₹ 90,000",https://collegedunia.com/college/65021-deepmala-college-of-nursing-bareilly
"Avinashilingam Institute For Home Science and Higher Education For Women, Coimbatore","Coimbatore, Tamil Nadu","₹ 92,835",https://collegedunia.com/university/25869-avinashilingam-institute-for-home-science-and-higher-education-for-women-coimbatore
"NSHM Knowledge Campus, Durgapur","Durgapur, West Bengal","₹ 98,400",https://collegedunia.com/college/59319-nshm-knowledge-campus-durgapur
"Sardar Bhagwan Singh University - [SBS], Dehradun","Dehradun, Uttarakhand","₹ 1,14,500",https://collegedunia.com/university/59962-sardar-bhagwan-singh-university-sbs-dehradun
"Himalayan Group of Professional Institutions, Sirmaur","Sirmaur, Himachal Pradesh","₹ 88,750",https://collegedunia.com/college/27746-himalayan-group-of-professional-institutions-sirmaur
"NRI Institute of Nursing - [NIN], Bhopal","Bhopal, Madhya Pradesh","₹ 88,730",https://collegedunia.com/college/59389-nri-institute-of-nursing-nin-bhopal
"NRI Group of Institutions, Bhopal","Bhopal, Madhya Pradesh","₹ 88,730",https://collegedunia.com/college/61236-nri-group-of-institutions-bhopal
"Terna Nursing College - [TNC], Navi Mumbai","Navi Mumbai, Maharashtra","₹ 1,11,500",https://collegedunia.com/college/63222-terna-nursing-college-tnc-navi-mumbai
"Red Crescent College of Nursing, Calicut","Calicut, Kerala","₹ 70,000",https://collegedunia.com/college/55366-red-crescent-college-of-nursing-calicut
"Indira Gandhi School and College of Nursing - [IGSCON] Munshiganj, Amethi","Amethi, Uttar Pradesh","₹ 87,500",https://collegedunia.com/college/59132-indira-gandhi-school-and-college-of-nursing-igscon-munshiganj-amethi
"JSS Medical College and Hospital - [JSSMCH], Mysore","Mysore, Karnataka","₹ 1,16,600",https://collegedunia.com/college/10579-jss-medical-college-and-hospital-jssmch-mysore
"Dr. Somervell Memorial CSI Medical College and Hospital - [Dr. SMCSI], Thiruvananthapuram","Thiruvananthapuram, Kerala","₹ 1,13,025",https://collegedunia.com/college/10412-dr-somervell-memorial-csi-medical-college-and-hospital-dr-smcsi-thiruvananthapuram
"Six Sigma Institute of Technology and Science -[SSITS], Rudrapur","Rudrapur, Uttarakhand","₹ 92,890",https://collegedunia.com/college/62838-six-sigma-institute-of-technology-and-science-ssits-rudrapur
"St John's Medical College, Bangalore","Bangalore, Karnataka","₹ 89,870",https://collegedunia.com/college/11077-st-johns-medical-college-bangalore
"Amogha Institute of Professional and Technical Education, Ghaziabad","Ghaziabad, Uttar Pradesh","₹ 1,01,000",https://collegedunia.com/college/19500-amogha-institute-of-professional-and-technical-education-ghaziabad
"VSPM Madhuribai Deshmukh Institute of Nursing Education, Nagpur","Nagpur, Maharashtra","₹ 90,000",https://collegedunia.com/college/63378-vspm-madhuribai-deshmukh-institute-of-nursing-education-nagpur
"Byramjee Jeejeebhoy Government Medical College - [BJMC], Pune","Pune, Maharashtra","₹ 3,42,000",https://collegedunia.com/college/10289-byramjee-jeejeebhoy-government-medical-college-bjmc-pune
"A.K.G Memorial Co-Operative College of Nursing, Kannur","Kannur, Kerala","₹ 93,000",https://collegedunia.com/college/11193-akg-memorial-cooperative-college-of-nursing-kannur
"Arihant College of Nursing - [ACN], Haridwar","Haridwar, Uttarakhand","₹ 1,05,000",https://collegedunia.com/college/63788-arihant-college-of-nursing-acn-haridwar
"Rajeev Gandhi College, Bhopal","Bhopal, Madhya Pradesh","₹ 85,000",https://collegedunia.com/college/3639-rajeev-gandhi-college-bhopal
"S.Tech College of Nursing, Bhilwara","Bhilwara, Rajasthan","₹ 85,000",https://collegedunia.com/college/12232-stech-college-of-nursing-bhilwara
"Shivnath Singh College, Gwalior","Gwalior, Madhya Pradesh","₹ 85,000",https://collegedunia.com/college/12370-shivnath-singh-college-gwalior
"Aravali Institute of Technical Studies - [AITS], Udaipur","Udaipur, Rajasthan","₹ 85,000",https://collegedunia.com/college/12863-aravali-institute-of-technical-studies-aits-udaipur
"Arunachal University of Studies - [AUS], Lohit","Lohit, Arunachal Pradesh","₹ 85,000",https://collegedunia.com/university/54826-arunachal-university-of-studies-aus-lohit
"Swarrnim Startup & Innovation University, Gandhinagar","Gandhinagar, Gujarat","₹ 85,000",https://collegedunia.com/university/59705-swarrnim-startup-and-innovation-university-gandhinagar
"Kaloji Narayana Rao University of Health Sciences, Warangal","Warangal, Telangana","₹ 85,000",https://collegedunia.com/university/60417-kaloji-narayana-rao-university-of-health-sciences-warangal
"Aisect College of Professional Studies, Indore","Indore, Madhya Pradesh","₹ 85,000",https://collegedunia.com/college/63110-aisect-college-of-professional-studies-indore
"Monark University, Ahmedabad","Ahmedabad, Gujarat","₹ 85,000",https://collegedunia.com/university/63440-monark-university-ahmedabad
"Aarogyam Institute of Paramedical & Allied Sciences, Roorkee","Roorkee, Uttarakhand","₹ 85,000",https://collegedunia.com/college/63525-aarogyam-institute-of-paramedical-and-allied-sciences-roorkee
"DS Paramedical & Nursing College, Mathura","Mathura, Uttar Pradesh","₹ 85,000",https://collegedunia.com/college/63607-ds-paramedical-and-nursing-college-mathura
"Arpit Nursing College, Rajkot","Rajkot, Gujarat","₹ 85,000",https://collegedunia.com/college/64439-arpit-nursing-college-rajkot
"JMD Institute Of Nursing, Gandhinagar","Gandhinagar, Gujarat","₹ 85,000",https://collegedunia.com/college/65135-jmd-institute-of-nursing-gandhinagar
"Choithram College of Nursing - [CCON], Indore","Indore, Madhya Pradesh","₹ 84,500",https://collegedunia.com/college/58667-choithram-college-of-nursing-ccon-indore
"Army Institute of Nursing - [AIN], Guwahati","Guwahati, Assam","₹ 94,658",https://collegedunia.com/college/11288-army-institute-of-nursing-ain-guwahati
"SMCH College of Allied Health Science, Coimbatore","Coimbatore, Tamil Nadu","₹ 3,35,000",https://collegedunia.com/college/63758-smch-college-of-allied-health-science-coimbatore
"SNS College of Allied Health Sciences, Coimbatore","Coimbatore, Tamil Nadu","₹ 3,35,000",https://collegedunia.com/college/63759-sns-college-of-allied-health-sciences-coimbatore
"Shri Venkateshwara University - [SVU], Amroha","Amroha, Uttar Pradesh","₹ 83,500",https://collegedunia.com/university/25975-shri-venkateshwara-university-svu-amroha
"Khyati Foundation, Ahmedabad","Ahmedabad, Gujarat","₹ 89,600",https://collegedunia.com/college/59969-khyati-foundation-ahmedabad
"Khyati School of Nursing - [KSN], Ahmedabad","Ahmedabad, Gujarat","₹ 89,600",https://collegedunia.com/college/59999-khyati-school-of-nursing-ksn-ahmedabad
"MES College of Nursing, Perinthalmanna","Perinthalmanna, Kerala","₹ 90,500",https://collegedunia.com/college/11880-mes-college-of-nursing-perinthalmanna
"Mar Baselios College of Nursing - [MBCN], Kothamangalam","Kothamangalam, Kerala","₹ 90,500",https://collegedunia.com/college/11952-mar-baselios-college-of-nursing-mbcn-kothamangalam
"Pushpagiri College of Nursing, Thiruvalla","Thiruvalla, Kerala","₹ 90,500",https://collegedunia.com/college/12147-pushpagiri-college-of-nursing-thiruvalla
"TMM College of Nursing - [TMMCN], Tiruvalla","Tiruvalla, Kerala","₹ 90,500",https://collegedunia.com/college/12594-tmm-college-of-nursing-tmmcn-tiruvalla
"Amala college of Nursing, Thrissur","Thrissur, Kerala","₹ 90,500",https://collegedunia.com/college/55201-amala-college-of-nursing-thrissur
"Caritas College of Nursing - [CCN], Kottayam","Kottayam, Kerala","₹ 90,500",https://collegedunia.com/college/55206-caritas-college-of-nursing-ccn-kottayam
"Lourdes College of Nursing - [LCN], Kochi","Kochi, Kerala","₹ 90,500",https://collegedunia.com/college/55212-lourdes-college-of-nursing-lcn-kochi
"MIMS College of Nursing, Malappuram","Malappuram, Kerala","₹ 90,500",https://collegedunia.com/college/55282-mims-college-of-nursing-malappuram
"Sree Anjaneya College of Nursing, Calicut","Calicut, Kerala","₹ 90,500",https://collegedunia.com/college/55332-sree-anjaneya-college-of-nursing-calicut
"PPG Institute Of Optometry, Coimbatore","Coimbatore, Tamil Nadu","₹ 92,000",https://collegedunia.com/college/63780-ppg-institute-of-optometry-coimbatore
"Government Medical College - [GMC], Kannur","Kannur, Kerala","₹ 99,300",https://collegedunia.com/college/55177-government-medical-college-gmc-kannur
"Swami Devi Dyal Group of Professional Institutions, Panchkula","Panchkula, Haryana","₹ 82,800",https://collegedunia.com/college/64229-swami-devi-dyal-group-of-professional-institutions-panchkula
"MVM Group of Institutions, Bangalore","Bangalore, Karnataka","₹ 3,30,000",https://collegedunia.com/college/63120-mvm-group-of-institutions-bangalore
"Mahendra Gayatri Nursing and Paramedical College, Bareilly","Bareilly, Uttar Pradesh","₹ 90,000",https://collegedunia.com/college/64910-mahendra-gayatri-nursing-and-paramedical-college-bareilly
"Rajarajeswari Medical College And Hospital - [RRMCH], Bangalore","Bangalore, Karnataka","₹ 1,09,800",https://collegedunia.com/college/56519-rajarajeswari-medical-college-and-hospital-rrmch-bangalore
"Srinivas University, Mangalore","Mangalore, Karnataka","₹ 1,28,000",https://collegedunia.com/university/55863-srinivas-university-mangalore
"Nootan College of Nursing, Visnagar","Visnagar, Gujarat","₹ 82,000",https://collegedunia.com/college/62210-nootan-college-of-nursing-visnagar
"Sitabai Nargundkar College of Nursing for Women, Nagpur","Nagpur, Maharashtra","₹ 82,000",https://collegedunia.com/college/63384-sitabai-nargundkar-college-of-nursing-for-women-nagpur
"Era University - [EU], Lucknow","Lucknow, Uttar Pradesh","₹ 1,09,000",https://collegedunia.com/university/59026-era-university-eu-lucknow
"The Apollo University, Chittoor","Chittoor, Andhra Pradesh","₹ 1,04,300",https://collegedunia.com/university/62879-the-apollo-university-chittoor
"KMCT College of Nursing Manassery, Kozhikode","Kozhikode, Kerala","₹ 1,06,325",https://collegedunia.com/college/11766-kmct-college-of-nursing-manassery-kozhikode
"ITM University, School of Nursing Sciences, Gwalior","Gwalior, Madhya Pradesh","₹ 85,000",https://collegedunia.com/college/58731-itm-university-school-of-nursing-sciences-gwalior
"Kalka Group Of Institutions- [KGI], Meerut","Meerut, Uttar Pradesh","₹ 85,000",https://collegedunia.com/college/59465-kalka-group-of-institutions-kgi-meerut
"Smt. Nagarathnamma College of Nursing - [SNCN], Bangalore","Bangalore, Karnataka","₹ 81,000",https://collegedunia.com/college/11209-smt-nagarathnamma-college-of-nursing-sncn-bangalore
"Sri Devaraj URS Academy of Higher Education & Research, Kolar","Kolar, Karnataka","₹ 1,08,000",https://collegedunia.com/university/25624-sri-devaraj-urs-academy-of-higher-education-and-research-kolar
"Amaltas Institute of Medical Sciences, Dewas","Dewas, Madhya Pradesh","₹ 81,000",https://collegedunia.com/college/64654-amaltas-institute-of-medical-sciences-dewas
"Swami Vishnu Chaitanya School of Nursing, Dehradun","Dehradun, Uttarakhand","₹ 90,000",https://collegedunia.com/college/64125-swami-vishnu-chaitanya-school-of-nursing-dehradun
"Acharya Institute of Health Sciences - [AIHS], Bangalore","Bangalore, Karnataka","₹ 1,82,000",https://collegedunia.com/college/10217-acharya-institute-of-health-sciences-aihs-bangalore
"Ananthapuri Hospitals and Research Institute, Thiruvananthapuram","Thiruvananthapuram, Kerala","₹ 80,500",https://collegedunia.com/college/10255-ananthapuri-hospitals-and-research-institute-thiruvananthapuram
"Moulana College of Nursing, Perinthalmanna","Perinthalmanna, Kerala","₹ 80,500",https://collegedunia.com/college/10749-moulana-college-of-nursing-perinthalmanna
"SIMET College of Nursing Muttathara, Thiruvananthapuram","Thiruvananthapuram, Kerala","₹ 90,500",https://collegedunia.com/college/55333-simet-college-of-nursing-muttathara-thiruvananthapuram
"St Gregorios college of nursing Parumala, Pathanamthitta","Pathanamthitta, Kerala","₹ 80,500",https://collegedunia.com/college/55354-st-gregorios-college-of-nursing-parumala-pathanamthitta
"Co-Operative College of Nursing, Thiruvananthapuram","Thiruvananthapuram, Kerala","₹ 80,500",https://collegedunia.com/college/55388-cooperative-college-of-nursing-thiruvananthapuram
"Nehru Group of Institutions - [NGI], Coimbatore","Coimbatore, Tamil Nadu","₹ 80,500",https://collegedunia.com/college/62135-nehru-group-of-institutions-ngi-coimbatore
"Bharati Vidyapeeth College of Nursing - [BVCN], Pune","Pune, Maharashtra","₹ 80,000",https://collegedunia.com/college/11378-bharati-vidyapeeth-college-of-nursing-bvcn-pune
"Lourde College of Nursing, Taliparamba","Taliparamba, Kerala","₹ 80,000",https://collegedunia.com/college/11872-lourde-college-of-nursing-taliparamba
"Nishat Hospital and Institute of Paramedical Sciences and College of Nursing, Barabanki","Barabanki, Uttar Pradesh","₹ 80,000",https://collegedunia.com/college/12069-nishat-hospital-and-institute-of-paramedical-sciences-and-college-of-nursing-barabanki
"Shri Balaji College of Nursing, Udaipur","Udaipur, Rajasthan","₹ 80,000",https://collegedunia.com/college/12383-shri-balaji-college-of-nursing-udaipur
"SR University - [SRU], Warangal","Warangal, Telangana","₹ 1,10,000",https://collegedunia.com/university/15181-sr-university-sru-warangal
"Bhagwan Mahavir Education Foundation - [BMEF], Surat","Surat, Gujarat","₹ 80,000",https://collegedunia.com/college/27949-bhagwan-mahavir-education-foundation-bmef-surat
"Excel Group of Institutions, Namakkal","Namakkal, Tamil Nadu","₹ 80,000",https://collegedunia.com/college/28163-excel-group-of-institutions-namakkal
"Rayat Bahra University, Mohali","Mohali, Punjab","₹ 80,000",https://collegedunia.com/university/54837-rayat-bahra-university-mohali
"Mangalayatan University, Institute of Applied Sciences - [IAS], Aligarh","Aligarh, Uttar Pradesh","₹ 80,000",https://collegedunia.com/college/57116-mangalayatan-university-institute-of-applied-sciences-ias-aligarh
"Vinayaka Institute of Nursing, Anand","Anand, Gujarat","₹ 80,000",https://collegedunia.com/college/59974-vinayaka-institute-of-nursing-anand
"Bhagwan Mahavir School of Nursing, Surat","Surat, Gujarat","₹ 80,000",https://collegedunia.com/college/60186-bhagwan-mahavir-school-of-nursing-surat
"Sai Tirupati University, Udaipur","Udaipur, Rajasthan","₹ 80,000",https://collegedunia.com/university/60400-sai-tirupati-university-udaipur
"Sapphire Group of Institutions - [SGI], Indore","Indore, Madhya Pradesh","₹ 80,000",https://collegedunia.com/college/60855-sapphire-group-of-institutions-sgi-indore
"R.K. Group of Institutions, Bareilly","Bareilly, Uttar Pradesh","₹ 80,000",https://collegedunia.com/college/62685-rk-group-of-institutions-bareilly
"International College of Nursing - [ICN], Tarn Taran","Tarn Taran, Punjab","₹ 80,000",https://collegedunia.com/college/63576-international-college-of-nursing-icn-tarn-taran
"SRC Nursing & Paramedical Institute, Mathura","Mathura, Uttar Pradesh","₹ 80,000",https://collegedunia.com/college/63606-src-nursing-and-paramedical-institute-mathura
"Gandhinagar University, Gandhinagar","Gandhinagar, Gujarat","₹ 35,000",https://collegedunia.com/university/63957-gandhinagar-university-gandhinagar
"Maan Group Of College, Bhopal","Bhopal, Madhya Pradesh","₹ 80,000",https://collegedunia.com/college/64411-maan-group-of-college-bhopal
"Renu Mahesh Seva Sansthan, Hardoi","Hardoi, Uttar Pradesh","₹ 80,000",https://collegedunia.com/college/65216-renu-mahesh-seva-sansthan-hardoi
"Aurovindo College of Nursing - [ACN], Bhopal","Bhopal, Madhya Pradesh","₹ 79,000",https://collegedunia.com/college/11307-aurovindo-college-of-nursing-acn-bhopal
"Aditya Nursing College, Beed","Beed, Maharashtra","₹ 79,000",https://collegedunia.com/college/63734-aditya-nursing-college-beed
"Eklavya University, Damoh","Damoh, Madhya Pradesh","₹ 1,07,830",https://collegedunia.com/university/62372-eklavya-university-damoh
"BSD College of Allied Health Sciences, Coimbatore","Coimbatore, Tamil Nadu","₹ 1,55,000",https://collegedunia.com/college/62631-bsd-college-of-allied-health-sciences-coimbatore
"KMCH Institute Of Allied Health Sciences, Coimbatore","Coimbatore, Tamil Nadu","₹ 3,15,000",https://collegedunia.com/college/63745-kmch-institute-of-allied-health-sciences-coimbatore
"Hind Institute of Medical Sciences - [HIMS], Lucknow","Lucknow, Uttar Pradesh","₹ 78,000",https://collegedunia.com/college/10517-hind-institute-of-medical-sciences-hims-lucknow
"Vidhyanagari Group of Institutions, Himmatnagar","Himmatnagar, Gujarat","₹ 78,000",https://collegedunia.com/college/58038-vidhyanagari-group-of-institutions-himmatnagar
"ISHWAR Institute of Prosthetics and Orthotics, Chennai","Chennai, Tamil Nadu","₹ 65,000",https://collegedunia.com/college/64827-ishwar-institute-of-prosthetics-and-orthotics-chennai
"RKDF College of Nursing, Bhopal","Bhopal, Madhya Pradesh","₹ 77,700",https://collegedunia.com/college/12156-rkdf-college-of-nursing-bhopal
"Sarvepalli Radhakrishnan University - [SRK], Bhopal","Bhopal, Madhya Pradesh","₹ 77,700",https://collegedunia.com/university/56922-sarvepalli-radhakrishnan-university-srk-bhopal
"Khaja Bandanawaz University - [KBNU], Gulbarga","Gulbarga, Karnataka","₹ 80,700",https://collegedunia.com/university/59978-khaja-bandanawaz-university-kbnu-gulbarga
"Beehive Group of Colleges, Dehradun","Dehradun, Uttarakhand","₹ 92,600",https://collegedunia.com/college/62142-beehive-group-of-colleges-dehradun
"Oyster Institute of Pharmacy, Aurangabad","Aurangabad, Maharashtra","₹ 77,500",https://collegedunia.com/college/59089-oyster-institute-of-pharmacy-aurangabad
"Chirayu Medical College and Hospital - [CMCH], Bhopal","Bhopal, Madhya Pradesh","₹ 77,000",https://collegedunia.com/college/10340-chirayu-medical-college-and-hospital-cmch-bhopal
"College of Nursing, Cuttack","Cuttack, Odisha","₹ 77,000",https://collegedunia.com/college/11466-college-of-nursing-cuttack
"Swami Devi Dyal College of Nursing - [SDDCN], Panchkula","Panchkula, Haryana","₹ 77,000",https://collegedunia.com/college/12572-swami-devi-dyal-college-of-nursing-sddcn-panchkula
"Parul University, Vadodara","Vadodara, Gujarat","₹ 1,02,000",https://collegedunia.com/university/55884-parul-university-vadodara
"Shri H.V. Mehta Institute of Nursing, Rajkot","Rajkot, Gujarat","₹ 81,000",https://collegedunia.com/college/63871-shri-hv-mehta-institute-of-nursing-rajkot
"Aruna College of Nursing, Tumkur","Tumkur, Karnataka","₹ 80,000",https://collegedunia.com/college/11291-aruna-college-of-nursing-tumkur
"Bhagwant University, Ajmer","Ajmer, Rajasthan","₹ 80,000",https://collegedunia.com/university/25799-bhagwant-university-ajmer
"SRM College of Nursing, Kanchipuram","Kanchipuram, Tamil Nadu","₹ 80,000",https://collegedunia.com/college/56222-srm-college-of-nursing-kanchipuram
"Shri Ram Murti Smarak Institutions - [SRMSI], Bareilly","Bareilly, Uttar Pradesh","₹ 1,08,000",https://collegedunia.com/college/57864-shri-ram-murti-smarak-institutions-srmsi-bareilly
"Bharath College of Parmedical Science, Kottayam","Kottayam, Kerala","₹ 3,00,000",https://collegedunia.com/college/10309-bharath-college-of-parmedical-science-kottayam
"Grace College of Health and Management, Kanyakumari","Kanyakumari, Tamil Nadu","₹ 1,00,000",https://collegedunia.com/college/10496-grace-college-of-health-and-management-kanyakumari
"Mahatma Gandhi Medical College and Research Institute, Sri Balaji Vidyapeeth - [MGMCRI], Pondicherry","Pondicherry, Puducherry","₹ 1,00,000",https://collegedunia.com/college/10702-mahatma-gandhi-medical-college-and-research-institute-sri-balaji-vidyapeeth-mgmcri-pondicherry
"Awasthi Institute of Nursing - [AIN], Solan","Solan, Himachal Pradesh","₹ 75,000",https://collegedunia.com/college/11311-awasthi-institute-of-nursing-ain-solan
"RITEE Group of Institutions, Raipur","Raipur, Chhattisgarh","₹ 75,000",https://collegedunia.com/college/14695-ritee-group-of-institutions-raipur
"Chaitanya (Deemed to be University), Warangal","Warangal, Telangana","₹ 1,00,000",https://collegedunia.com/university/23920-chaitanya-deemed-to-be-university-warangal
"DY Patil University, Navi Mumbai","Navi Mumbai, Maharashtra","₹ 1,00,000",https://collegedunia.com/university/25718-dy-patil-university-navi-mumbai
"Sri Balaji Vidyapeeth University - [SBV], Pondicherry","Pondicherry, Puducherry","₹ 1,00,000",https://collegedunia.com/university/25773-sri-balaji-vidyapeeth-university-sbv-pondicherry
"Sri Sukhmani Group Of Institutions, Mohali","Mohali, Punjab","₹ 75,000",https://collegedunia.com/college/27825-sri-sukhmani-group-of-institutions-mohali
"Siksha 'O' Anusandhan University - [SOA], Bhubaneswar","Bhubaneswar, Odisha","₹ 1,00,000",https://collegedunia.com/university/54827-siksha-o-anusandhan-university-soa-bhubaneswar
"Meenakshi Mission Hospital & Research Center - [MMHRC], Madurai","Madurai, Tamil Nadu","₹ 75,000",https://collegedunia.com/college/55454-meenakshi-mission-hospital-and-research-center-mmhrc-madurai
"Sri Ramachandra Medical College, Chennai","Chennai, Tamil Nadu","₹ 75,000",https://collegedunia.com/college/56220-sri-ramachandra-medical-college-chennai
"SGT University, Faculty of Allied Health Sciences, Gurgaon","Gurgaon, Haryana","₹ 1,00,000",https://collegedunia.com/college/57057-sgt-university-faculty-of-allied-health-sciences-gurgaon
"RR Group of Institutions, Bangalore","Bangalore, Karnataka","₹ 1,00,000",https://collegedunia.com/college/57603-rr-group-of-institutions-bangalore
"Maharishi Markandeshwar College of Nursing - [MMCON], Ambala","Ambala, Haryana","₹ 75,000",https://collegedunia.com/college/58041-maharishi-markandeshwar-college-of-nursing-mmcon-ambala
"Gokul Global University - [GGU], Sidhpur","Sidhpur, Gujarat","₹ 75,000",https://collegedunia.com/university/59936-gokul-global-university-ggu-sidhpur
"Gokul Nursing College, Gokul Global University, Sidhpur","Sidhpur, Gujarat","₹ 75,000",https://collegedunia.com/college/60092-gokul-nursing-college-gokul-global-university-sidhpur
"Jai Institute of Nursing & Research - [JINR], Gwalior","Gwalior, Madhya Pradesh","₹ 75,000",https://collegedunia.com/college/60119-jai-institute-of-nursing-and-research-jinr-gwalior
"VISM Group of Studies, Gwalior","Gwalior, Madhya Pradesh","₹ 75,000",https://collegedunia.com/college/60133-vism-group-of-studies-gwalior
"Dr. J. J. Magdum Institute Of Nursing Education, Kolhapur","Kolhapur, Maharashtra","₹ 95,000",https://collegedunia.com/college/60762-dr-j-j-magdum-institute-of-nursing-education-kolhapur
"SRM Institute of Science and Technology - [SRM IST], Tiruchirappalli","Tiruchirappalli, Tamil Nadu","₹ 1,00,000",https://collegedunia.com/university/62544-srm-institute-of-science-and-technology-srm-ist-tiruchirappalli
"Hindusthan College of Health Sciences, Coimbatore","Coimbatore, Tamil Nadu","₹ 1,00,000",https://collegedunia.com/college/62554-hindusthan-college-of-health-sciences-coimbatore
"SAM Group of Institutions, Bhopal","Bhopal, Madhya Pradesh","₹ 75,000",https://collegedunia.com/college/62612-sam-group-of-institutions-bhopal
"Sumantai Wasnik Institute of Nursing, Nagpur","Nagpur, Maharashtra","₹ 75,000",https://collegedunia.com/college/63370-sumantai-wasnik-institute-of-nursing-nagpur
"Rajas Institute of Allied Health Sciences, Tirunelveli","Tirunelveli, Tamil Nadu","₹ 1,00,000",https://collegedunia.com/college/63399-rajas-institute-of-allied-health-sciences-tirunelveli
"LNCT Vidyapeeth University, Indore","Indore, Madhya Pradesh","₹ 75,000",https://collegedunia.com/university/63518-lnct-vidyapeeth-university-indore
